Roll Number,Section
2329009,CSCE-01
2329015,CSCE-01
2329016,CSCE-01
2329017,CSCE-01
2329026,CSCE-01
2329027,CSCE-01
2329032,CSCE-01
2329033,CSCE-01
2329036,CSCE-01
2329042,CSCE-01
2329046,CSCE-01
2329055,CSCE-01
2329056,CSCE-01
2329057,CSCE-01
2329066,CSCE-01
2329067,CSCE-01
2329071,CSCE-01
2329072,CSCE-01
2329078,CSCE-01
2329081,CSCE-01
2329083,CSCE-01
2329086,CSCE-01
2329087,CSCE-01
2329088,CSCE-01
2329089,CSCE-01
2329093,CSCE-01
2329095,CSCE-01
2329098,CSCE-01
2329101,CSCE-01
2329108,CSCE-01
2329120,CSCE-01
2329121,CSCE-01
2329128,CSCE-01
2329129,CSCE-01
2329131,CSCE-01
2329134,CSCE-01
2329135,CSCE-01
2329136,CSCE-01
2329147,CSCE-01
2329149,CSCE-01
2329150,CSCE-01
2329152,CSCE-01
2329157,CSCE-01
2329159,CSCE-01
2329160,CSCE-01
2329161,CSCE-01
2329162,CSCE-01
2329166,CSCE-01
2329172,CSCE-01
2329173,CSCE-01
2329174,CSCE-01
2329179,CSCE-01
2329191,CSCE-01
2329193,CSCE-01
2329196,CSCE-01
2329201,CSCE-01
2329202,CSCE-01
2329204,CSCE-01
2329205,CSCE-01
2329215,CSCE-01
2329217,CSCE-01
2329221,CSCE-01
2329225,CSCE-01
2329230,CSCE-01
2329231,CSCE-01
2329233,CSCE-01
2329235,CSCE-01
2329010,CSCE-02
2329013,CSCE-02
2329014,CSCE-02
2329019,CSCE-02
2329020,CSCE-02
2329022,CSCE-02
2329023,CSCE-02
2329025,CSCE-02
2329031,CSCE-02
2329035,CSCE-02
2329037,CSCE-02
2329038,CSCE-02
2329039,CSCE-02
2329054,CSCE-02
2329058,CSCE-02
2329059,CSCE-02
2329061,CSCE-02
2329064,CSCE-02
2329065,CSCE-02
2329068,CSCE-02
2329069,CSCE-02
2329074,CSCE-02
2329077,CSCE-02
2329079,CSCE-02
2329080,CSCE-02
2329090,CSCE-02
2329091,CSCE-02
2329092,CSCE-02
2329094,CSCE-02
2329096,CSCE-02
2329097,CSCE-02
2329104,CSCE-02
2329106,CSCE-02
2329107,CSCE-02
2329112,CSCE-02
2329118,CSCE-02
2329126,CSCE-02
2329130,CSCE-02
2329140,CSCE-02
2329143,CSCE-02
2329146,CSCE-02
2329154,CSCE-02
2329155,CSCE-02
2329158,CSCE-02
2329163,CSCE-02
2329164,CSCE-02
2329165,CSCE-02
2329181,CSCE-02
2329184,CSCE-02
2329186,CSCE-02
2329190,CSCE-02
2329192,CSCE-02
2329197,CSCE-02
2329198,CSCE-02
2329206,CSCE-02
2329207,CSCE-02
2329210,CSCE-02
2329211,CSCE-02
2329214,CSCE-02
2329218,CSCE-02
2329220,CSCE-02
2329223,CSCE-02
2329226,CSCE-02
2329227,CSCE-02
2329229,CSCE-02
2329232,CSCE-02
2329234,CSCE-02
2329237,CSCE-02
2429301,CSCE-02
2329001,CSCE-03
2329002,CSCE-03
2329003,CSCE-03
2329004,CSCE-03
2329006,CSCE-03
2329007,CSCE-03
2329008,CSCE-03
2329011,CSCE-03
2329012,CSCE-03
2329024,CSCE-03
2329028,CSCE-03
2329029,CSCE-03
2329030,CSCE-03
2329034,CSCE-03
2329041,CSCE-03
2329043,CSCE-03
2329044,CSCE-03
2329049,CSCE-03
2329050,CSCE-03
2329051,CSCE-03
2329053,CSCE-03
2329060,CSCE-03
2329062,CSCE-03
2329063,CSCE-03
2329073,CSCE-03
2329076,CSCE-03
2329082,CSCE-03
2329100,CSCE-03
2329102,CSCE-03
2329109,CSCE-03
2329111,CSCE-03
2329114,CSCE-03
2329116,CSCE-03
2329117,CSCE-03
2329123,CSCE-03
2329124,CSCE-03
2329125,CSCE-03
2329132,CSCE-03
2329133,CSCE-03
2329137,CSCE-03
2329139,CSCE-03
2329144,CSCE-03
2329148,CSCE-03
2329151,CSCE-03
2329156,CSCE-03
2329169,CSCE-03
2329170,CSCE-03
2329171,CSCE-03
2329175,CSCE-03
2329176,CSCE-03
2329178,CSCE-03
2329180,CSCE-03
2329183,CSCE-03
2329185,CSCE-03
2329187,CSCE-03
2329188,CSCE-03
2329194,CSCE-03
2329195,CSCE-03
2329200,CSCE-03
2329209,CSCE-03
2329212,CSCE-03
2329222,CSCE-03
2329224,CSCE-03
2329228,CSCE-03
2329238,CSCE-03
2305051,CSE-01
2305208,CSE-01
2305342,CSE-01
2305358,CSE-01
2305362,CSE-01
2305364,CSE-01
2305383,CSE-01
2305539,CSE-01
2305587,CSE-01
2305606,CSE-01
2305619,CSE-01
2305731,CSE-01
2305856,CSE-01
23051031,CSE-01
23051048,CSE-01
23051060,CSE-01
23051061,CSE-01
23051062,CSE-01
23051199,CSE-01
23051214,CSE-01
23051221,CSE-01
23051342,CSE-01
23051360,CSE-01
23051385,CSE-01
23051386,CSE-01
23051397,CSE-01
23051420,CSE-01
23051451,CSE-01
23051497,CSE-01
23051619,CSE-01
23051659,CSE-01
23051664,CSE-01
23051882,CSE-01
23051971,CSE-01
23052215,CSE-01
23052218,CSE-01
23052292,CSE-01
23052303,CSE-01
23052305,CSE-01
23052309,CSE-01
23052375,CSE-01
23052389,CSE-01
23052411,CSE-01
23052439,CSE-01
23052440,CSE-01
23052444,CSE-01
23052644,CSE-01
23052676,CSE-01
23052735,CSE-01
23052820,CSE-01
23052867,CSE-01
23052997,CSE-01
23053162,CSE-01
23053171,CSE-01
23053172,CSE-01
23053225,CSE-01
23053318,CSE-01
23053374,CSE-01
23053385,CSE-01
23053453,CSE-01
23053474,CSE-01
23053536,CSE-01
23053609,CSE-01
23053634,CSE-01
23053637,CSE-01
23053648,CSE-01
23053658,CSE-01
23053850,CSE-01
23053918,CSE-01
23053922,CSE-01
23053940,CSE-01
24057029,CSE-01
24057036,CSE-01
24057055,CSE-01
2305050,CSE-02
2305055,CSE-02
2305065,CSE-02
2305350,CSE-02
2305374,CSE-02
2305378,CSE-02
2305384,CSE-02
2305391,CSE-02
2305394,CSE-02
2305405,CSE-02
2305571,CSE-02
2305576,CSE-02
2305581,CSE-02
2305582,CSE-02
2305594,CSE-02
2305601,CSE-02
2305614,CSE-02
2305653,CSE-02
2305662,CSE-02
2305702,CSE-02
2305955,CSE-02
23051017,CSE-02
23051079,CSE-02
23051091,CSE-02
23051130,CSE-02
23051261,CSE-02
23051364,CSE-02
23051429,CSE-02
23051442,CSE-02
23051474,CSE-02
23051506,CSE-02
23051532,CSE-02
23051693,CSE-02
23051699,CSE-02
23052004,CSE-02
23052080,CSE-02
23052093,CSE-02
23052095,CSE-02
23052096,CSE-02
23052097,CSE-02
23052112,CSE-02
23052118,CSE-02
23052150,CSE-02
23052155,CSE-02
23052180,CSE-02
23052183,CSE-02
23052220,CSE-02
23052243,CSE-02
23052250,CSE-02
23052298,CSE-02
23052536,CSE-02
23052538,CSE-02
23052549,CSE-02
23052719,CSE-02
23052863,CSE-02
23052897,CSE-02
23052899,CSE-02
23052904,CSE-02
23052910,CSE-02
23053026,CSE-02
23053088,CSE-02
23053125,CSE-02
23053157,CSE-02
23053164,CSE-02
23053212,CSE-02
23053243,CSE-02
23053429,CSE-02
23053470,CSE-02
23053496,CSE-02
23053621,CSE-02
23053669,CSE-02
23053676,CSE-02
23053798,CSE-02
24057043,CSE-02
2305219,CSE-03
2305301,CSE-03
2305314,CSE-03
2305321,CSE-03
2305330,CSE-03
2305376,CSE-03
2305395,CSE-03
2305428,CSE-03
2305431,CSE-03
2305442,CSE-03
2305452,CSE-03
2305459,CSE-03
2305461,CSE-03
2305466,CSE-03
2305503,CSE-03
2305523,CSE-03
2305535,CSE-03
2305646,CSE-03
2305818,CSE-03
2305826,CSE-03
2305951,CSE-03
2305978,CSE-03
23051075,CSE-03
23051103,CSE-03
23051121,CSE-03
23051241,CSE-03
23051248,CSE-03
23051331,CSE-03
23051362,CSE-03
23051439,CSE-03
23051445,CSE-03
23051486,CSE-03
23051547,CSE-03
23051587,CSE-03
23051614,CSE-03
23051723,CSE-03
23051752,CSE-03
23051959,CSE-03
23051981,CSE-03
23051991,CSE-03
23051999,CSE-03
23052024,CSE-03
23052057,CSE-03
23052088,CSE-03
23052116,CSE-03
23052160,CSE-03
23052211,CSE-03
23052229,CSE-03
23052247,CSE-03
23052252,CSE-03
23052268,CSE-03
23052380,CSE-03
23052412,CSE-03
23052456,CSE-03
23052546,CSE-03
23052846,CSE-03
23052879,CSE-03
23052909,CSE-03
23052980,CSE-03
23053062,CSE-03
23053111,CSE-03
23053160,CSE-03
23053263,CSE-03
23053340,CSE-03
23053353,CSE-03
23053360,CSE-03
23053452,CSE-03
23053456,CSE-03
23053465,CSE-03
23053471,CSE-03
23053516,CSE-03
23053640,CSE-03
23053708,CSE-03
23053840,CSE-03
23053932,CSE-03
24057009,CSE-03
24057080,CSE-03
24057109,CSE-03
2305088,CSE-04
2305109,CSE-04
2305110,CSE-04
2305112,CSE-04
2305113,CSE-04
2305140,CSE-04
2305155,CSE-04
2305172,CSE-04
2305177,CSE-04
2305180,CSE-04
2305185,CSE-04
2305187,CSE-04
2305198,CSE-04
2305201,CSE-04
2305286,CSE-04
2305436,CSE-04
2305444,CSE-04
2305447,CSE-04
2305602,CSE-04
2305670,CSE-04
2305754,CSE-04
2305763,CSE-04
2305784,CSE-04
2305849,CSE-04
2305879,CSE-04
2305891,CSE-04
2305993,CSE-04
2305996,CSE-04
23051059,CSE-04
23051082,CSE-04
23051108,CSE-04
23051239,CSE-04
23051300,CSE-04
23051321,CSE-04
23051358,CSE-04
23051370,CSE-04
23051452,CSE-04
23051565,CSE-04
23051572,CSE-04
23051810,CSE-04
23051818,CSE-04
23051824,CSE-04
23051826,CSE-04
23051841,CSE-04
23051842,CSE-04
23051881,CSE-04
23052067,CSE-04
23052090,CSE-04
23052113,CSE-04
23052133,CSE-04
23052448,CSE-04
23052480,CSE-04
23052481,CSE-04
23052559,CSE-04
23052581,CSE-04
23052649,CSE-04
23052844,CSE-04
23052861,CSE-04
23052933,CSE-04
23053031,CSE-04
23053110,CSE-04
23053166,CSE-04
23053314,CSE-04
23053316,CSE-04
23053344,CSE-04
23053378,CSE-04
23053379,CSE-04
23053558,CSE-04
23053563,CSE-04
23053567,CSE-04
23053607,CSE-04
23053629,CSE-04
23053668,CSE-04
23053691,CSE-04
23053769,CSE-04
23053842,CSE-04
23053852,CSE-04
23053892,CSE-04
2305072,CSE-05
2305165,CSE-05
2305169,CSE-05
2305223,CSE-05
2305292,CSE-05
2305315,CSE-05
2305316,CSE-05
2305326,CSE-05
2305387,CSE-05
2305403,CSE-05
2305495,CSE-05
2305500,CSE-05
2305556,CSE-05
2305591,CSE-05
2305593,CSE-05
2305672,CSE-05
2305678,CSE-05
2305735,CSE-05
2305777,CSE-05
2305981,CSE-05
23051002,CSE-05
23051070,CSE-05
23051233,CSE-05
23051272,CSE-05
23051282,CSE-05
23051390,CSE-05
23051418,CSE-05
23051446,CSE-05
23051479,CSE-05
23051488,CSE-05
23051518,CSE-05
23051708,CSE-05
23051732,CSE-05
23051756,CSE-05
23051761,CSE-05
23051915,CSE-05
23051995,CSE-05
23052410,CSE-05
23052426,CSE-05
23052533,CSE-05
23052534,CSE-05
23052540,CSE-05
23052560,CSE-05
23052569,CSE-05
23052572,CSE-05
23052579,CSE-05
23052621,CSE-05
23052642,CSE-05
23052660,CSE-05
23052679,CSE-05
23052726,CSE-05
23052763,CSE-05
23052774,CSE-05
23052862,CSE-05
23052885,CSE-05
23052950,CSE-05
23053011,CSE-05
23053071,CSE-05
23053124,CSE-05
23053130,CSE-05
23053147,CSE-05
23053159,CSE-05
23053231,CSE-05
23053240,CSE-05
23053281,CSE-05
23053291,CSE-05
23053328,CSE-05
23053365,CSE-05
23053549,CSE-05
23053553,CSE-05
23053604,CSE-05
23053627,CSE-05
23053735,CSE-05
23053858,CSE-05
23053917,CSE-05
23053927,CSE-05
24057056,CSE-05
24057093,CSE-05
2305086,CSE-06
2305124,CSE-06
2305242,CSE-06
2305324,CSE-06
2305373,CSE-06
2305388,CSE-06
2305534,CSE-06
2305548,CSE-06
2305550,CSE-06
2305567,CSE-06
2305607,CSE-06
2305783,CSE-06
2305816,CSE-06
2305866,CSE-06
2305888,CSE-06
23051024,CSE-06
23051030,CSE-06
23051035,CSE-06
23051087,CSE-06
23051088,CSE-06
23051099,CSE-06
23051110,CSE-06
23051127,CSE-06
23051171,CSE-06
23051250,CSE-06
23051319,CSE-06
23051601,CSE-06
23051642,CSE-06
23051649,CSE-06
23051655,CSE-06
23051785,CSE-06
23051815,CSE-06
23051838,CSE-06
23051911,CSE-06
23051951,CSE-06
23051978,CSE-06
23052290,CSE-06
23052295,CSE-06
23052562,CSE-06
23052584,CSE-06
23052613,CSE-06
23052614,CSE-06
23052615,CSE-06
23052640,CSE-06
23052656,CSE-06
23052664,CSE-06
23052673,CSE-06
23052691,CSE-06
23052696,CSE-06
23052722,CSE-06
23052741,CSE-06
23052901,CSE-06
23052906,CSE-06
23052914,CSE-06
23053020,CSE-06
23053022,CSE-06
23053033,CSE-06
23053060,CSE-06
23053073,CSE-06
23053078,CSE-06
23053080,CSE-06
23053081,CSE-06
23053139,CSE-06
23053142,CSE-06
23053285,CSE-06
23053347,CSE-06
23053375,CSE-06
23053380,CSE-06
23053388,CSE-06
23053394,CSE-06
23053529,CSE-06
23053561,CSE-06
23053681,CSE-06
23053685,CSE-06
23053758,CSE-06
2305353,CSE-07
2305417,CSE-07
2305440,CSE-07
2305574,CSE-07
2305597,CSE-07
2305605,CSE-07
2305612,CSE-07
2305636,CSE-07
2305669,CSE-07
2305675,CSE-07
2305677,CSE-07
2305690,CSE-07
2305730,CSE-07
2305746,CSE-07
2305782,CSE-07
2305798,CSE-07
2305815,CSE-07
2305823,CSE-07
2305829,CSE-07
2305935,CSE-07
2305959,CSE-07
2305987,CSE-07
23051133,CSE-07
23051144,CSE-07
23051195,CSE-07
23051269,CSE-07
23051273,CSE-07
23051275,CSE-07
23051289,CSE-07
23051408,CSE-07
23051477,CSE-07
23051803,CSE-07
23051805,CSE-07
23051816,CSE-07
23051827,CSE-07
23051880,CSE-07
23052040,CSE-07
23052167,CSE-07
23052185,CSE-07
23052187,CSE-07
23052280,CSE-07
23052299,CSE-07
23052324,CSE-07
23052363,CSE-07
23052366,CSE-07
23052443,CSE-07
23052466,CSE-07
23052652,CSE-07
23052653,CSE-07
23052668,CSE-07
23052698,CSE-07
23052725,CSE-07
23052739,CSE-07
23052742,CSE-07
23052761,CSE-07
23052781,CSE-07
23052792,CSE-07
23052793,CSE-07
23052794,CSE-07
23052795,CSE-07
23052849,CSE-07
23052948,CSE-07
23052967,CSE-07
23052972,CSE-07
23053004,CSE-07
23053012,CSE-07
23053015,CSE-07
23053224,CSE-07
23053244,CSE-07
23053304,CSE-07
23053377,CSE-07
23053397,CSE-07
23053400,CSE-07
23053407,CSE-07
23053450,CSE-07
23053541,CSE-07
23053683,CSE-07
23053687,CSE-07
2305073,CSE-08
2305329,CSE-08
2305332,CSE-08
2305349,CSE-08
2305491,CSE-08
2305497,CSE-08
2305542,CSE-08
2305569,CSE-08
2305676,CSE-08
2305760,CSE-08
2305882,CSE-08
2305906,CSE-08
2305966,CSE-08
23051076,CSE-08
23051126,CSE-08
23051242,CSE-08
23051276,CSE-08
23051277,CSE-08
23051278,CSE-08
23051307,CSE-08
23051379,CSE-08
23051548,CSE-08
23051577,CSE-08
23051615,CSE-08
23051808,CSE-08
23051906,CSE-08
23051936,CSE-08
23052130,CSE-08
23052156,CSE-08
23052182,CSE-08
23052194,CSE-08
23052259,CSE-08
23052293,CSE-08
23052318,CSE-08
23052332,CSE-08
23052475,CSE-08
23052491,CSE-08
23052591,CSE-08
23052641,CSE-08
23052643,CSE-08
23052661,CSE-08
23052670,CSE-08
23052672,CSE-08
23052678,CSE-08
23052681,CSE-08
23052732,CSE-08
23052758,CSE-08
23052807,CSE-08
23052808,CSE-08
23052841,CSE-08
23052843,CSE-08
23052847,CSE-08
23052891,CSE-08
23052895,CSE-08
23053037,CSE-08
23053040,CSE-08
23053089,CSE-08
23053188,CSE-08
23053307,CSE-08
23053330,CSE-08
23053498,CSE-08
23053514,CSE-08
23053562,CSE-08
23053689,CSE-08
23053714,CSE-08
23053771,CSE-08
23053945,CSE-08
23053946,CSE-08
24057019,CSE-08
24057034,CSE-08
24057050,CSE-08
24057054,CSE-08
24057089,CSE-08
2105609,CSE-09
2305005,CSE-09
2305041,CSE-09
2305048,CSE-09
2305252,CSE-09
2305284,CSE-09
2305454,CSE-09
2305536,CSE-09
2305608,CSE-09
2305629,CSE-09
2305673,CSE-09
2305707,CSE-09
2305759,CSE-09
2305792,CSE-09
2305794,CSE-09
2305884,CSE-09
2305946,CSE-09
23051064,CSE-09
23051101,CSE-09
23051142,CSE-09
23051187,CSE-09
23051212,CSE-09
23051279,CSE-09
23051281,CSE-09
23051286,CSE-09
23051301,CSE-09
23051339,CSE-09
23051343,CSE-09
23051409,CSE-09
23051491,CSE-09
23051501,CSE-09
23051510,CSE-09
23051513,CSE-09
23051550,CSE-09
23051579,CSE-09
23051611,CSE-09
23051678,CSE-09
23051831,CSE-09
23051873,CSE-09
23051874,CSE-09
23051885,CSE-09
23051917,CSE-09
23052023,CSE-09
23052027,CSE-09
23052240,CSE-09
23052328,CSE-09
23052394,CSE-09
23052463,CSE-09
23052541,CSE-09
23052690,CSE-09
23052699,CSE-09
23052700,CSE-09
23052714,CSE-09
23052760,CSE-09
23052884,CSE-09
23052932,CSE-09
23052937,CSE-09
23052959,CSE-09
23052977,CSE-09
23052981,CSE-09
23052991,CSE-09
23053058,CSE-09
23053070,CSE-09
23053179,CSE-09
23053189,CSE-09
23053205,CSE-09
23053209,CSE-09
23053227,CSE-09
23053296,CSE-09
23053381,CSE-09
23053396,CSE-09
23053506,CSE-09
23053535,CSE-09
23053568,CSE-09
23053663,CSE-09
23053720,CSE-09
23053770,CSE-09
24057033,CSE-09
2305015,CSE-10
2305018,CSE-10
2305029,CSE-10
2305061,CSE-10
2305062,CSE-10
2305170,CSE-10
2305173,CSE-10
2305175,CSE-10
2305259,CSE-10
2305275,CSE-10
2305319,CSE-10
2305322,CSE-10
2305369,CSE-10
2305386,CSE-10
2305400,CSE-10
2305412,CSE-10
2305464,CSE-10
2305538,CSE-10
2305768,CSE-10
2305915,CSE-10
2305974,CSE-10
23051054,CSE-10
23051182,CSE-10
23051336,CSE-10
23051458,CSE-10
23051460,CSE-10
23051555,CSE-10
23051605,CSE-10
23051624,CSE-10
23051776,CSE-10
23051793,CSE-10
23051862,CSE-10
23051941,CSE-10
23051976,CSE-10
23052010,CSE-10
23052028,CSE-10
23052138,CSE-10
23052173,CSE-10
23052327,CSE-10
23052374,CSE-10
23052442,CSE-10
23052450,CSE-10
23052451,CSE-10
23052453,CSE-10
23052478,CSE-10
23052487,CSE-10
23052488,CSE-10
23052499,CSE-10
23052545,CSE-10
23052610,CSE-10
23052738,CSE-10
23052753,CSE-10
23052975,CSE-10
23053050,CSE-10
23053067,CSE-10
23053153,CSE-10
23053346,CSE-10
23053384,CSE-10
23053423,CSE-10
23053513,CSE-10
23053680,CSE-10
23053766,CSE-10
23053787,CSE-10
23053815,CSE-10
23053848,CSE-10
23053870,CSE-10
23053885,CSE-10
23053890,CSE-10
23053900,CSE-10
23053907,CSE-10
24057094,CSE-10
24057099,CSE-10
24057101,CSE-10
2305004,CSE-11
2305014,CSE-11
2305016,CSE-11
2305089,CSE-11
2305158,CSE-11
2305164,CSE-11
2305197,CSE-11
2305199,CSE-11
2305212,CSE-11
2305221,CSE-11
2305225,CSE-11
2305271,CSE-11
2305279,CSE-11
2305297,CSE-11
2305328,CSE-11
2305416,CSE-11
2305455,CSE-11
2305476,CSE-11
2305482,CSE-11
2305494,CSE-11
2305840,CSE-11
2305899,CSE-11
2305962,CSE-11
2305963,CSE-11
21052185,CSE-11
23051184,CSE-11
23051231,CSE-11
23051243,CSE-11
23051380,CSE-11
23051604,CSE-11
23051690,CSE-11
23051730,CSE-11
23051737,CSE-11
23051769,CSE-11
23051779,CSE-11
23051784,CSE-11
23051788,CSE-11
23051801,CSE-11
23051809,CSE-11
23051852,CSE-11
23051897,CSE-11
23051898,CSE-11
23052009,CSE-11
23052102,CSE-11
23052120,CSE-11
23052122,CSE-11
23052123,CSE-11
23052321,CSE-11
23052402,CSE-11
23052684,CSE-11
23052759,CSE-11
23052827,CSE-11
23052832,CSE-11
23052833,CSE-11
23052852,CSE-11
23052858,CSE-11
23052916,CSE-11
23052953,CSE-11
23052966,CSE-11
23053077,CSE-11
23053302,CSE-11
23053317,CSE-11
23053366,CSE-11
23053656,CSE-11
23053731,CSE-11
23053741,CSE-11
23053765,CSE-11
23053780,CSE-11
23053781,CSE-11
23053782,CSE-11
23053783,CSE-11
23053851,CSE-11
23053869,CSE-11
23053883,CSE-11
23053884,CSE-11
23053914,CSE-11
23053934,CSE-11
24057091,CSE-11
2305039,CSE-12
2305133,CSE-12
2305348,CSE-12
2305427,CSE-12
2305451,CSE-12
2305457,CSE-12
2305543,CSE-12
2305555,CSE-12
2305604,CSE-12
2305655,CSE-12
2305687,CSE-12
2305703,CSE-12
2305711,CSE-12
2305713,CSE-12
2305739,CSE-12
2305796,CSE-12
2305800,CSE-12
2305811,CSE-12
2305846,CSE-12
2305869,CSE-12
23051018,CSE-12
23051083,CSE-12
23051115,CSE-12
23051131,CSE-12
23051173,CSE-12
23051180,CSE-12
23051203,CSE-12
23051219,CSE-12
23051528,CSE-12
23051620,CSE-12
23051722,CSE-12
23051726,CSE-12
23051746,CSE-12
23051751,CSE-12
23051757,CSE-12
23051762,CSE-12
23051775,CSE-12
23051781,CSE-12
23051787,CSE-12
23051791,CSE-12
23051799,CSE-12
23052277,CSE-12
23052283,CSE-12
23052338,CSE-12
23052349,CSE-12
23052361,CSE-12
23052364,CSE-12
23052367,CSE-12
23052384,CSE-12
23052474,CSE-12
23052520,CSE-12
23052762,CSE-12
23052780,CSE-12
23052814,CSE-12
23052818,CSE-12
23052823,CSE-12
23052947,CSE-12
23053199,CSE-12
23053234,CSE-12
23053361,CSE-12
23053405,CSE-12
23053424,CSE-12
23053427,CSE-12
23053433,CSE-12
23053458,CSE-12
23053468,CSE-12
23053475,CSE-12
23053530,CSE-12
23053531,CSE-12
23053532,CSE-12
23053534,CSE-12
23053542,CSE-12
23053611,CSE-12
23053696,CSE-12
23053877,CSE-12
23053904,CSE-12
24057060,CSE-12
24057069,CSE-12
2305007,CSE-13
2305060,CSE-13
2305129,CSE-13
2305270,CSE-13
2305379,CSE-13
2305465,CSE-13
2305526,CSE-13
2305590,CSE-13
2305595,CSE-13
2305616,CSE-13
2305618,CSE-13
2305652,CSE-13
2305654,CSE-13
2305657,CSE-13
2305663,CSE-13
2305797,CSE-13
2305878,CSE-13
2305907,CSE-13
23051065,CSE-13
23051176,CSE-13
23051186,CSE-13
23051207,CSE-13
23051211,CSE-13
23051227,CSE-13
23051349,CSE-13
23051387,CSE-13
23051449,CSE-13
23051485,CSE-13
23051563,CSE-13
23051591,CSE-13
23051639,CSE-13
23051650,CSE-13
23051674,CSE-13
23051742,CSE-13
23051745,CSE-13
23051811,CSE-13
23051886,CSE-13
23052165,CSE-13
23052188,CSE-13
23052304,CSE-13
23052351,CSE-13
23052403,CSE-13
23052405,CSE-13
23052469,CSE-13
23052516,CSE-13
23052547,CSE-13
23052625,CSE-13
23052712,CSE-13
23052743,CSE-13
23052750,CSE-13
23052751,CSE-13
23052785,CSE-13
23052803,CSE-13
23052816,CSE-13
23052869,CSE-13
23052949,CSE-13
23052957,CSE-13
23052987,CSE-13
23053003,CSE-13
23053329,CSE-13
23053622,CSE-13
23053623,CSE-13
23053625,CSE-13
23053728,CSE-13
23053733,CSE-13
23053742,CSE-13
23053761,CSE-13
23053789,CSE-13
23053792,CSE-13
23053920,CSE-13
24057013,CSE-13
24057014,CSE-13
24057052,CSE-13
24057075,CSE-13
24057078,CSE-13
24057079,CSE-13
2305194,CSE-14
2305344,CSE-14
2305474,CSE-14
2305531,CSE-14
2305558,CSE-14
2305600,CSE-14
2305644,CSE-14
2305671,CSE-14
2305674,CSE-14
2305751,CSE-14
2305752,CSE-14
2305758,CSE-14
2305842,CSE-14
2305845,CSE-14
2305874,CSE-14
2305880,CSE-14
23051011,CSE-14
23051183,CSE-14
23051193,CSE-14
23051215,CSE-14
23051228,CSE-14
23051235,CSE-14
23051292,CSE-14
23051294,CSE-14
23051320,CSE-14
23051344,CSE-14
23051373,CSE-14
23051391,CSE-14
23051405,CSE-14
23051441,CSE-14
23051455,CSE-14
23051468,CSE-14
23051494,CSE-14
23051500,CSE-14
23051613,CSE-14
23051625,CSE-14
23051634,CSE-14
23051899,CSE-14
23051974,CSE-14
23052158,CSE-14
23052201,CSE-14
23052202,CSE-14
23052362,CSE-14
23052381,CSE-14
23052424,CSE-14
23052429,CSE-14
23052449,CSE-14
23052598,CSE-14
23052618,CSE-14
23052907,CSE-14
23053019,CSE-14
23053042,CSE-14
23053056,CSE-14
23053066,CSE-14
23053150,CSE-14
23053210,CSE-14
23053213,CSE-14
23053235,CSE-14
23053238,CSE-14
23053260,CSE-14
23053265,CSE-14
23053326,CSE-14
23053447,CSE-14
23053524,CSE-14
23053525,CSE-14
23053552,CSE-14
23053559,CSE-14
23053620,CSE-14
23053631,CSE-14
23053661,CSE-14
23053678,CSE-14
23053795,CSE-14
23053837,CSE-14
23053838,CSE-14
24057002,CSE-14
24057035,CSE-14
24057068,CSE-14
24057107,CSE-14
2305070,CSE-15
2305119,CSE-15
2305239,CSE-15
2305317,CSE-15
2305385,CSE-15
2305469,CSE-15
2305562,CSE-15
2305745,CSE-15
2305805,CSE-15
2305847,CSE-15
2305853,CSE-15
2305854,CSE-15
23051051,CSE-15
23051158,CSE-15
23051167,CSE-15
23051189,CSE-15
23051213,CSE-15
23051249,CSE-15
23051251,CSE-15
23051259,CSE-15
23051285,CSE-15
23051304,CSE-15
23051341,CSE-15
23051346,CSE-15
23051399,CSE-15
23051476,CSE-15
23051546,CSE-15
23051628,CSE-15
23051962,CSE-15
23051977,CSE-15
23051980,CSE-15
23052006,CSE-15
23052044,CSE-15
23052051,CSE-15
23052070,CSE-15
23052178,CSE-15
23052181,CSE-15
23052227,CSE-15
23052251,CSE-15
23052320,CSE-15
23052348,CSE-15
23052358,CSE-15
23052587,CSE-15
23052659,CSE-15
23052663,CSE-15
23052666,CSE-15
23052667,CSE-15
23052674,CSE-15
23052683,CSE-15
23052778,CSE-15
23052787,CSE-15
23052825,CSE-15
23052876,CSE-15
23052919,CSE-15
23052939,CSE-15
23052941,CSE-15
23052995,CSE-15
23052998,CSE-15
23053043,CSE-15
23053187,CSE-15
23053215,CSE-15
23053247,CSE-15
23053437,CSE-15
23053460,CSE-15
23053569,CSE-15
23053570,CSE-15
23053725,CSE-15
23053752,CSE-15
23053753,CSE-15
23053760,CSE-15
23053921,CSE-15
23053936,CSE-15
24057015,CSE-15
24057066,CSE-15
24057073,CSE-15
2305043,CSE-16
2305064,CSE-16
2305068,CSE-16
2305069,CSE-16
2305116,CSE-16
2305288,CSE-16
2305352,CSE-16
2305366,CSE-16
2305399,CSE-16
2305467,CSE-16
2305487,CSE-16
2305490,CSE-16
2305519,CSE-16
2305527,CSE-16
2305684,CSE-16
2305708,CSE-16
2305709,CSE-16
23051117,CSE-16
23051210,CSE-16
23051223,CSE-16
23051260,CSE-16
23051298,CSE-16
23051311,CSE-16
23051461,CSE-16
23051580,CSE-16
23051582,CSE-16
23051585,CSE-16
23051616,CSE-16
23051896,CSE-16
23051952,CSE-16
23052008,CSE-16
23052060,CSE-16
23052084,CSE-16
23052091,CSE-16
23052146,CSE-16
23052222,CSE-16
23052228,CSE-16
23052263,CSE-16
23052275,CSE-16
23052306,CSE-16
23052342,CSE-16
23052388,CSE-16
23052627,CSE-16
23052657,CSE-16
23052686,CSE-16
23052688,CSE-16
23052764,CSE-16
23052856,CSE-16
23052859,CSE-16
23052882,CSE-16
23052920,CSE-16
23052930,CSE-16
23053049,CSE-16
23053178,CSE-16
23053191,CSE-16
23053245,CSE-16
23053256,CSE-16
23053257,CSE-16
23053264,CSE-16
23053282,CSE-16
23053283,CSE-16
23053284,CSE-16
23053288,CSE-16
23053319,CSE-16
23053322,CSE-16
23053338,CSE-16
23053342,CSE-16
23053493,CSE-16
23053605,CSE-16
23053649,CSE-16
23053659,CSE-16
23053693,CSE-16
23053695,CSE-16
23053700,CSE-16
23053804,CSE-16
23053805,CSE-16
23053863,CSE-16
2305080,CSE-17
2305107,CSE-17
2305220,CSE-17
2305289,CSE-17
2305290,CSE-17
2305367,CSE-17
2305424,CSE-17
2305434,CSE-17
2305450,CSE-17
2305549,CSE-17
2305573,CSE-17
2305716,CSE-17
2305737,CSE-17
2305790,CSE-17
2305813,CSE-17
23051032,CSE-17
23051090,CSE-17
23051155,CSE-17
23051169,CSE-17
23051314,CSE-17
23051322,CSE-17
23051596,CSE-17
23051630,CSE-17
23051692,CSE-17
23051702,CSE-17
23051759,CSE-17
23051835,CSE-17
23051844,CSE-17
23051845,CSE-17
23051905,CSE-17
23051979,CSE-17
23051982,CSE-17
23051992,CSE-17
23052035,CSE-17
23052069,CSE-17
23052079,CSE-17
23052115,CSE-17
23052198,CSE-17
23052322,CSE-17
23052345,CSE-17
23052407,CSE-17
23052455,CSE-17
23052457,CSE-17
23052521,CSE-17
23052624,CSE-17
23052639,CSE-17
23052677,CSE-17
23052687,CSE-17
23052705,CSE-17
23052729,CSE-17
23052754,CSE-17
23052766,CSE-17
23053131,CSE-17
23053149,CSE-17
23053339,CSE-17
23053551,CSE-17
23053592,CSE-17
23053712,CSE-17
23053721,CSE-17
23053777,CSE-17
23053800,CSE-17
23053835,CSE-17
23053843,CSE-17
23053853,CSE-17
23053854,CSE-17
23053930,CSE-17
23053941,CSE-17
24057044,CSE-17
24057062,CSE-17
24057098,CSE-17
24057105,CSE-17
2305008,CSE-18
2305149,CSE-18
2305273,CSE-18
2305285,CSE-18
2305338,CSE-18
2305397,CSE-18
2305564,CSE-18
2305566,CSE-18
2305589,CSE-18
2305610,CSE-18
2305668,CSE-18
2305724,CSE-18
2305850,CSE-18
2305851,CSE-18
2305895,CSE-18
2305901,CSE-18
2305911,CSE-18
2305927,CSE-18
2305928,CSE-18
23051175,CSE-18
23051295,CSE-18
23051303,CSE-18
23051345,CSE-18
23051415,CSE-18
23051443,CSE-18
23051480,CSE-18
23051517,CSE-18
23051578,CSE-18
23051641,CSE-18
23051685,CSE-18
23051689,CSE-18
23051694,CSE-18
23051701,CSE-18
23051703,CSE-18
23051707,CSE-18
23052015,CSE-18
23052017,CSE-18
23052018,CSE-18
23052043,CSE-18
23052106,CSE-18
23052109,CSE-18
23052139,CSE-18
23052149,CSE-18
23052169,CSE-18
23052193,CSE-18
23052256,CSE-18
23052278,CSE-18
23052310,CSE-18
23052337,CSE-18
23052468,CSE-18
23052509,CSE-18
23053017,CSE-18
23053090,CSE-18
23053106,CSE-18
23053228,CSE-18
23053391,CSE-18
23053430,CSE-18
23053454,CSE-18
23053462,CSE-18
23053539,CSE-18
23053546,CSE-18
23053581,CSE-18
23053613,CSE-18
23053817,CSE-18
23053821,CSE-18
23053923,CSE-18
23053935,CSE-18
23053939,CSE-18
24057001,CSE-18
24057037,CSE-18
24057102,CSE-18
2305200,CSE-19
2305245,CSE-19
2305250,CSE-19
2305258,CSE-19
2305261,CSE-19
2305277,CSE-19
2305308,CSE-19
2305310,CSE-19
2305334,CSE-19
2305458,CSE-19
2305622,CSE-19
2305725,CSE-19
2305750,CSE-19
2305925,CSE-19
2305926,CSE-19
2305929,CSE-19
2305953,CSE-19
2305956,CSE-19
2305964,CSE-19
2305985,CSE-19
2305986,CSE-19
23051009,CSE-19
23051043,CSE-19
23051141,CSE-19
23051179,CSE-19
23051196,CSE-19
23051218,CSE-19
23051401,CSE-19
23051435,CSE-19
23051454,CSE-19
23051465,CSE-19
23051529,CSE-19
23051530,CSE-19
23051536,CSE-19
23051603,CSE-19
23051675,CSE-19
23051719,CSE-19
23051939,CSE-19
23051943,CSE-19
23051947,CSE-19
23051950,CSE-19
23052206,CSE-19
23052300,CSE-19
23052325,CSE-19
23052350,CSE-19
23052352,CSE-19
23052396,CSE-19
23052619,CSE-19
23052655,CSE-19
23052669,CSE-19
23052745,CSE-19
23052918,CSE-19
23053000,CSE-19
23053103,CSE-19
23053107,CSE-19
23053118,CSE-19
23053127,CSE-19
23053136,CSE-19
23053143,CSE-19
23053200,CSE-19
23053266,CSE-19
23053275,CSE-19
23053294,CSE-19
23053300,CSE-19
23053333,CSE-19
23053363,CSE-19
23053392,CSE-19
23053476,CSE-19
23053599,CSE-19
23053601,CSE-19
23053602,CSE-19
23053612,CSE-19
23053624,CSE-19
23053682,CSE-19
23053686,CSE-19
23053774,CSE-19
23053896,CSE-19
24057020,CSE-19
2305027,CSE-20
2305044,CSE-20
2305063,CSE-20
2305075,CSE-20
2305098,CSE-20
2305100,CSE-20
2305117,CSE-20
2305186,CSE-20
2305235,CSE-20
2305267,CSE-20
2305283,CSE-20
2305307,CSE-20
2305327,CSE-20
2305429,CSE-20
2305773,CSE-20
2305806,CSE-20
2305830,CSE-20
2305837,CSE-20
2305945,CSE-20
23051089,CSE-20
23051097,CSE-20
23051098,CSE-20
23051107,CSE-20
23051145,CSE-20
23051146,CSE-20
23051154,CSE-20
23051665,CSE-20
23051712,CSE-20
23051715,CSE-20
23051717,CSE-20
23051783,CSE-20
23051828,CSE-20
23051829,CSE-20
23051830,CSE-20
23051832,CSE-20
23051837,CSE-20
23051864,CSE-20
23052039,CSE-20
23052050,CSE-20
23052082,CSE-20
23052171,CSE-20
23052210,CSE-20
23052291,CSE-20
23052459,CSE-20
23052479,CSE-20
23052526,CSE-20
23052557,CSE-20
23052616,CSE-20
23052721,CSE-20
23052744,CSE-20
23052772,CSE-20
23052830,CSE-20
23052839,CSE-20
23052840,CSE-20
23053013,CSE-20
23053023,CSE-20
23053053,CSE-20
23053196,CSE-20
23053207,CSE-20
23053321,CSE-20
23053345,CSE-20
23053356,CSE-20
23053357,CSE-20
23053358,CSE-20
23053403,CSE-20
23053411,CSE-20
23053418,CSE-20
23053497,CSE-20
23053517,CSE-20
23053523,CSE-20
23053527,CSE-20
23053528,CSE-20
23053794,CSE-20
23053878,CSE-20
23053905,CSE-20
23053908,CSE-20
24057111,CSE-20
2305101,CSE-21
2305104,CSE-21
2305114,CSE-21
2305122,CSE-21
2305368,CSE-21
2305407,CSE-21
2305446,CSE-21
2305532,CSE-21
2305599,CSE-21
2305617,CSE-21
2305659,CSE-21
2305692,CSE-21
2305694,CSE-21
2305727,CSE-21
2305807,CSE-21
2305817,CSE-21
2305910,CSE-21
2305930,CSE-21
23051255,CSE-21
23051309,CSE-21
23051326,CSE-21
23051327,CSE-21
23051330,CSE-21
23051340,CSE-21
23051406,CSE-21
23051416,CSE-21
23051489,CSE-21
23051535,CSE-21
23051660,CSE-21
23051676,CSE-21
23051819,CSE-21
23051932,CSE-21
23051956,CSE-21
23051961,CSE-21
23052189,CSE-21
23052199,CSE-21
23052207,CSE-21
23052212,CSE-21
23052272,CSE-21
23052311,CSE-21
23052313,CSE-21
23052319,CSE-21
23052382,CSE-21
23052462,CSE-21
23052504,CSE-21
23052513,CSE-21
23052550,CSE-21
23052554,CSE-21
23052605,CSE-21
23052606,CSE-21
23052609,CSE-21
23052617,CSE-21
23052626,CSE-21
23052797,CSE-21
23052905,CSE-21
23052908,CSE-21
23052931,CSE-21
23053010,CSE-21
23053028,CSE-21
23053306,CSE-21
23053351,CSE-21
23053461,CSE-21
23053479,CSE-21
23053489,CSE-21
23053491,CSE-21
23053544,CSE-21
23053564,CSE-21
23053575,CSE-21
23053578,CSE-21
23053593,CSE-21
23053688,CSE-21
23053692,CSE-21
23053713,CSE-21
23053785,CSE-21
23053806,CSE-21
23053872,CSE-21
2305079,CSE-22
2305091,CSE-22
2305441,CSE-22
2305493,CSE-22
2305514,CSE-22
2305525,CSE-22
2305552,CSE-22
2305633,CSE-22
2305634,CSE-22
2305641,CSE-22
2305664,CSE-22
2305683,CSE-22
2305747,CSE-22
2305785,CSE-22
2305819,CSE-22
2305914,CSE-22
23051044,CSE-22
23051050,CSE-22
23051085,CSE-22
23051143,CSE-22
23051237,CSE-22
23051338,CSE-22
23051502,CSE-22
23051509,CSE-22
23051512,CSE-22
23051520,CSE-22
23051549,CSE-22
23051606,CSE-22
23051770,CSE-22
23051778,CSE-22
23051895,CSE-22
23052031,CSE-22
23052047,CSE-22
23052058,CSE-22
23052064,CSE-22
23052065,CSE-22
23052068,CSE-22
23052078,CSE-22
23052249,CSE-22
23052279,CSE-22
23052330,CSE-22
23052333,CSE-22
23052419,CSE-22
23052558,CSE-22
23052570,CSE-22
23052571,CSE-22
23052680,CSE-22
23052718,CSE-22
23052752,CSE-22
23052982,CSE-22
23053112,CSE-22
23053161,CSE-22
23053274,CSE-22
23053445,CSE-22
23053449,CSE-22
23053492,CSE-22
23053583,CSE-22
23053587,CSE-22
23053636,CSE-22
23053684,CSE-22
23053775,CSE-22
23053841,CSE-22
23053911,CSE-22
23053928,CSE-22
24057011,CSE-22
24057018,CSE-22
24057025,CSE-22
24057040,CSE-22
24057047,CSE-22
24057048,CSE-22
24057084,CSE-22
24057087,CSE-22
24057090,CSE-22
2305056,CSE-23
2305094,CSE-23
2305096,CSE-23
2305151,CSE-23
2305184,CSE-23
2305241,CSE-23
2305269,CSE-23
2305294,CSE-23
2305331,CSE-23
2305540,CSE-23
2305561,CSE-23
2305611,CSE-23
2305631,CSE-23
2305733,CSE-23
2305744,CSE-23
2305764,CSE-23
2305922,CSE-23
23051000,CSE-23
23051080,CSE-23
23051151,CSE-23
23051192,CSE-23
23051198,CSE-23
23051258,CSE-23
23051293,CSE-23
23051302,CSE-23
23051333,CSE-23
23051395,CSE-23
23051467,CSE-23
23051522,CSE-23
23051607,CSE-23
23051657,CSE-23
23051673,CSE-23
23051735,CSE-23
23051760,CSE-23
23051821,CSE-23
23051856,CSE-23
23052063,CSE-23
23052126,CSE-23
23052234,CSE-23
23052236,CSE-23
23052242,CSE-23
23052266,CSE-23
23052312,CSE-23
23052341,CSE-23
23052344,CSE-23
23052347,CSE-23
23052464,CSE-23
23052563,CSE-23
23052565,CSE-23
23052567,CSE-23
23052601,CSE-23
23052632,CSE-23
23052651,CSE-23
23052746,CSE-23
23052747,CSE-23
23052791,CSE-23
23052813,CSE-23
23052878,CSE-23
23052896,CSE-23
23052917,CSE-23
23052924,CSE-23
23052976,CSE-23
23052996,CSE-23
23053030,CSE-23
23053065,CSE-23
23053109,CSE-23
23053176,CSE-23
23053219,CSE-23
23053267,CSE-23
23053268,CSE-23
23053312,CSE-23
23053336,CSE-23
23053408,CSE-23
23053487,CSE-23
23053515,CSE-23
23053533,CSE-23
23053788,CSE-23
24057067,CSE-23
2305058,CSE-24
2305128,CSE-24
2305141,CSE-24
2305154,CSE-24
2305176,CSE-24
2305203,CSE-24
2305240,CSE-24
2305354,CSE-24
2305478,CSE-24
2305502,CSE-24
2305609,CSE-24
2305635,CSE-24
2305710,CSE-24
2305734,CSE-24
2305809,CSE-24
2305918,CSE-24
2305924,CSE-24
2305975,CSE-24
2305983,CSE-24
23051113,CSE-24
23051132,CSE-24
23051134,CSE-24
23051312,CSE-24
23051361,CSE-24
23051363,CSE-24
23051376,CSE-24
23051377,CSE-24
23051378,CSE-24
23051388,CSE-24
23051564,CSE-24
23051684,CSE-24
23051800,CSE-24
23051888,CSE-24
23051918,CSE-24
23051925,CSE-24
23051940,CSE-24
23052066,CSE-24
23052100,CSE-24
23052161,CSE-24
23052282,CSE-24
23052357,CSE-24
23052379,CSE-24
23052527,CSE-24
23052600,CSE-24
23052648,CSE-24
23052723,CSE-24
23052724,CSE-24
23052733,CSE-24
23052736,CSE-24
23052740,CSE-24
23052768,CSE-24
23052782,CSE-24
23052923,CSE-24
23052978,CSE-24
23053018,CSE-24
23053072,CSE-24
23053241,CSE-24
23053271,CSE-24
23053273,CSE-24
23053280,CSE-24
23053324,CSE-24
23053364,CSE-24
23053436,CSE-24
23053467,CSE-24
23053481,CSE-24
23053485,CSE-24
23053494,CSE-24
23053499,CSE-24
23053500,CSE-24
23053754,CSE-24
23053814,CSE-24
23053871,CSE-24
24057012,CSE-24
24057016,CSE-24
24057021,CSE-24
24057023,CSE-24
24057053,CSE-24
24057071,CSE-24
2305074,CSE-25
2305077,CSE-25
2305099,CSE-25
2305103,CSE-25
2305121,CSE-25
2305160,CSE-25
2305215,CSE-25
2305282,CSE-25
2305356,CSE-25
2305630,CSE-25
2305649,CSE-25
2305691,CSE-25
2305712,CSE-25
2305723,CSE-25
2305742,CSE-25
2305767,CSE-25
2305848,CSE-25
2305861,CSE-25
2305886,CSE-25
2305908,CSE-25
2305954,CSE-25
23051047,CSE-25
23051170,CSE-25
23051297,CSE-25
23051318,CSE-25
23051323,CSE-25
23051381,CSE-25
23051400,CSE-25
23051432,CSE-25
23051472,CSE-25
23051475,CSE-25
23051561,CSE-25
23051635,CSE-25
23051645,CSE-25
23051679,CSE-25
23051767,CSE-25
23051840,CSE-25
23051876,CSE-25
23051922,CSE-25
23051944,CSE-25
23052136,CSE-25
23052154,CSE-25
23052168,CSE-25
23052170,CSE-25
23052297,CSE-25
23052323,CSE-25
23052331,CSE-25
23052343,CSE-25
23052548,CSE-25
23052716,CSE-25
23052900,CSE-25
23052926,CSE-25
23052942,CSE-25
23052952,CSE-25
23052964,CSE-25
23052985,CSE-25
23052994,CSE-25
23052999,CSE-25
23053008,CSE-25
23053239,CSE-25
23053258,CSE-25
23053278,CSE-25
23053279,CSE-25
23053434,CSE-25
23053435,CSE-25
23053464,CSE-25
23053473,CSE-25
23053508,CSE-25
23053755,CSE-25
23053763,CSE-25
23053767,CSE-25
23053807,CSE-25
23053812,CSE-25
23053827,CSE-25
23053834,CSE-25
23053910,CSE-25
23053912,CSE-25
24057103,CSE-25
2305067,CSE-26
2305090,CSE-26
2305105,CSE-26
2305236,CSE-26
2305337,CSE-26
2305361,CSE-26
2305375,CSE-26
2305381,CSE-26
2305406,CSE-26
2305425,CSE-26
2305460,CSE-26
2305512,CSE-26
2305513,CSE-26
2305568,CSE-26
2305583,CSE-26
2305779,CSE-26
2305933,CSE-26
2305995,CSE-26
2305997,CSE-26
2305998,CSE-26
23051068,CSE-26
23051071,CSE-26
23051139,CSE-26
23051172,CSE-26
23051194,CSE-26
23051254,CSE-26
23051389,CSE-26
23051531,CSE-26
23051574,CSE-26
23051600,CSE-26
23051711,CSE-26
23051720,CSE-26
23051729,CSE-26
23051734,CSE-26
23051749,CSE-26
23051764,CSE-26
23051972,CSE-26
23052034,CSE-26
23052087,CSE-26
23052141,CSE-26
23052147,CSE-26
23052226,CSE-26
23052253,CSE-26
23052257,CSE-26
23052264,CSE-26
23052265,CSE-26
23052445,CSE-26
23052866,CSE-26
23052927,CSE-26
23052973,CSE-26
23053032,CSE-26
23053052,CSE-26
23053085,CSE-26
23053100,CSE-26
23053113,CSE-26
23053114,CSE-26
23053128,CSE-26
23053134,CSE-26
23053168,CSE-26
23053181,CSE-26
23053222,CSE-26
23053223,CSE-26
23053229,CSE-26
23053230,CSE-26
23053293,CSE-26
23053301,CSE-26
23053362,CSE-26
23053413,CSE-26
23053618,CSE-26
23053655,CSE-26
23053706,CSE-26
23053764,CSE-26
23053836,CSE-26
24057110,CSE-26
2305053,CSE-27
2305341,CSE-27
2305418,CSE-27
2305501,CSE-27
2305565,CSE-27
2305578,CSE-27
2305628,CSE-27
2305640,CSE-27
2305719,CSE-27
2305749,CSE-27
2305801,CSE-27
2305825,CSE-27
2305872,CSE-27
2305939,CSE-27
2305999,CSE-27
23051005,CSE-27
23051025,CSE-27
23051029,CSE-27
23051069,CSE-27
23051206,CSE-27
23051209,CSE-27
23051253,CSE-27
23051274,CSE-27
23051280,CSE-27
23051299,CSE-27
23051337,CSE-27
23051419,CSE-27
23051496,CSE-27
23051527,CSE-27
23051602,CSE-27
23051661,CSE-27
23051727,CSE-27
23051733,CSE-27
23051740,CSE-27
23051753,CSE-27
23051772,CSE-27
23051786,CSE-27
23051794,CSE-27
23051839,CSE-27
23051901,CSE-27
23051966,CSE-27
23052033,CSE-27
23052046,CSE-27
23052074,CSE-27
23052140,CSE-27
23052329,CSE-27
23052421,CSE-27
23052434,CSE-27
23052454,CSE-27
23052522,CSE-27
23052583,CSE-27
23052593,CSE-27
23052783,CSE-27
23052854,CSE-27
23053075,CSE-27
23053091,CSE-27
23053098,CSE-27
23053102,CSE-27
23053116,CSE-27
23053129,CSE-27
23053132,CSE-27
23053138,CSE-27
23053165,CSE-27
23053169,CSE-27
23053183,CSE-27
23053249,CSE-27
23053270,CSE-27
23053320,CSE-27
23053395,CSE-27
23053420,CSE-27
23053545,CSE-27
23053554,CSE-27
23053556,CSE-27
23053594,CSE-27
23053628,CSE-27
23053711,CSE-27
23053793,CSE-27
2305017,CSE-28
2305021,CSE-28
2305047,CSE-28
2305082,CSE-28
2305085,CSE-28
2305189,CSE-28
2305214,CSE-28
2305260,CSE-28
2305357,CSE-28
2305426,CSE-28
2305438,CSE-28
2305486,CSE-28
2305504,CSE-28
2305624,CSE-28
2305681,CSE-28
2305732,CSE-28
2305741,CSE-28
2305852,CSE-28
2305871,CSE-28
2305876,CSE-28
2305877,CSE-28
2305912,CSE-28
2305947,CSE-28
2305965,CSE-28
2305968,CSE-28
21051397,CSE-28
21052691,CSE-28
23051016,CSE-28
23051039,CSE-28
23051123,CSE-28
23051125,CSE-28
23051313,CSE-28
23051566,CSE-28
23051570,CSE-28
23051584,CSE-28
23051592,CSE-28
23051594,CSE-28
23051638,CSE-28
23051671,CSE-28
23051704,CSE-28
23051716,CSE-28
23051747,CSE-28
23051754,CSE-28
23051843,CSE-28
23051867,CSE-28
23051887,CSE-28
23051890,CSE-28
23051973,CSE-28
23052054,CSE-28
23052124,CSE-28
23052176,CSE-28
23052289,CSE-28
23052308,CSE-28
23052404,CSE-28
23052433,CSE-28
23052566,CSE-28
23052596,CSE-28
23052706,CSE-28
23052806,CSE-28
23052845,CSE-28
23052890,CSE-28
23052955,CSE-28
23053059,CSE-28
23053121,CSE-28
23053373,CSE-28
23053633,CSE-28
23053719,CSE-28
23053820,CSE-28
23053831,CSE-28
24057085,CSE-28
2305031,CSE-29
2305033,CSE-29
2305034,CSE-29
2305036,CSE-29
2305135,CSE-29
2305218,CSE-29
2305227,CSE-29
2305243,CSE-29
2305266,CSE-29
2305299,CSE-29
2305370,CSE-29
2305377,CSE-29
2305422,CSE-29
2305579,CSE-29
2305700,CSE-29
2305787,CSE-29
2305814,CSE-29
2305821,CSE-29
2305921,CSE-29
2305943,CSE-29
23051217,CSE-29
23051226,CSE-29
23051290,CSE-29
23051394,CSE-29
23051444,CSE-29
23051545,CSE-29
23051551,CSE-29
23051560,CSE-29
23051631,CSE-29
23051652,CSE-29
23051782,CSE-29
23051789,CSE-29
23051893,CSE-29
23051908,CSE-29
23051910,CSE-29
23051913,CSE-29
23051916,CSE-29
23051983,CSE-29
23051985,CSE-29
23052003,CSE-29
23052011,CSE-29
23052036,CSE-29
23052071,CSE-29
23052192,CSE-29
23052213,CSE-29
23052217,CSE-29
23052221,CSE-29
23052255,CSE-29
23052438,CSE-29
23052482,CSE-29
23052551,CSE-29
23052552,CSE-29
23052796,CSE-29
23052819,CSE-29
23052857,CSE-29
23052873,CSE-29
23052898,CSE-29
23052983,CSE-29
23053039,CSE-29
23053048,CSE-29
23053061,CSE-29
23053087,CSE-29
23053155,CSE-29
23053156,CSE-29
23053226,CSE-29
23053376,CSE-29
23053399,CSE-29
23053518,CSE-29
23053573,CSE-29
23053703,CSE-29
23053730,CSE-29
23053826,CSE-29
23053857,CSE-29
23053860,CSE-29
23053897,CSE-29
23053906,CSE-29
24057072,CSE-29
24057081,CSE-29
2305045,CSE-30
2305134,CSE-30
2305137,CSE-30
2305142,CSE-30
2305156,CSE-30
2305157,CSE-30
2305162,CSE-30
2305183,CSE-30
2305196,CSE-30
2305295,CSE-30
2305499,CSE-30
2305507,CSE-30
2305559,CSE-30
2305592,CSE-30
2305858,CSE-30
2305860,CSE-30
2305864,CSE-30
2305903,CSE-30
23051104,CSE-30
23051252,CSE-30
23051372,CSE-30
23051382,CSE-30
23051464,CSE-30
23051508,CSE-30
23051575,CSE-30
23051626,CSE-30
23051632,CSE-30
23051633,CSE-30
23051695,CSE-30
23051921,CSE-30
23051931,CSE-30
23051937,CSE-30
23052002,CSE-30
23052022,CSE-30
23052041,CSE-30
23052072,CSE-30
23052101,CSE-30
23052107,CSE-30
23052204,CSE-30
23052354,CSE-30
23052391,CSE-30
23052397,CSE-30
23052422,CSE-30
23052734,CSE-30
23052915,CSE-30
23052968,CSE-30
23052989,CSE-30
23053001,CSE-30
23053002,CSE-30
23053006,CSE-30
23053021,CSE-30
23053086,CSE-30
23053119,CSE-30
23053120,CSE-30
23053299,CSE-30
23053543,CSE-30
23053571,CSE-30
23053600,CSE-30
23053614,CSE-30
23053615,CSE-30
23053654,CSE-30
23053734,CSE-30
23053738,CSE-30
23053739,CSE-30
23053748,CSE-30
23053810,CSE-30
23053833,CSE-30
23053862,CSE-30
23053886,CSE-30
23053887,CSE-30
23053889,CSE-30
24057065,CSE-30
24057076,CSE-30
2305168,CSE-31
2305205,CSE-31
2305209,CSE-31
2305296,CSE-31
2305380,CSE-31
2305409,CSE-31
2305411,CSE-31
2305419,CSE-31
2305470,CSE-31
2305530,CSE-31
2305533,CSE-31
2305544,CSE-31
2305585,CSE-31
2305621,CSE-31
2305698,CSE-31
2305769,CSE-31
2305775,CSE-31
2305867,CSE-31
2305868,CSE-31
2305904,CSE-31
2305942,CSE-31
23051164,CSE-31
23051204,CSE-31
23051247,CSE-31
23051270,CSE-31
23051325,CSE-31
23051348,CSE-31
23051359,CSE-31
23051425,CSE-31
23051505,CSE-31
23051654,CSE-31
23051687,CSE-31
23051710,CSE-31
23051718,CSE-31
23051758,CSE-31
23051797,CSE-31
23051798,CSE-31
23051889,CSE-31
23051945,CSE-31
23052001,CSE-31
23052151,CSE-31
23052166,CSE-31
23052209,CSE-31
23052334,CSE-31
23052340,CSE-31
23052401,CSE-31
23052561,CSE-31
23052697,CSE-31
23052703,CSE-31
23052776,CSE-31
23052779,CSE-31
23052786,CSE-31
23052922,CSE-31
23052928,CSE-31
23053221,CSE-31
23053387,CSE-31
23053389,CSE-31
23053393,CSE-31
23053503,CSE-31
23053509,CSE-31
23053510,CSE-31
23053522,CSE-31
23053589,CSE-31
23053630,CSE-31
23053898,CSE-31
23053899,CSE-31
24057003,CSE-31
24057006,CSE-31
24057010,CSE-31
24057024,CSE-31
24057028,CSE-31
24057030,CSE-31
24057031,CSE-31
24057042,CSE-31
24057051,CSE-31
24057063,CSE-31
24057070,CSE-31
24057082,CSE-31
2305253,CSE-32
2305255,CSE-32
2305415,CSE-32
2305448,CSE-32
2305496,CSE-32
2305755,CSE-32
2305765,CSE-32
2305820,CSE-32
2305827,CSE-32
2305841,CSE-32
2305875,CSE-32
2305889,CSE-32
22054136,CSE-32
23051010,CSE-32
23051014,CSE-32
23051040,CSE-32
23051135,CSE-32
23051136,CSE-32
23051137,CSE-32
23051138,CSE-32
23051236,CSE-32
23051246,CSE-32
23051264,CSE-32
23051268,CSE-32
23051306,CSE-32
23051357,CSE-32
23051365,CSE-32
23051447,CSE-32
23051453,CSE-32
23051466,CSE-32
23051490,CSE-32
23051567,CSE-32
23051623,CSE-32
23051691,CSE-32
23051869,CSE-32
23051879,CSE-32
23051883,CSE-32
23051914,CSE-32
23051930,CSE-32
23051938,CSE-32
23051955,CSE-32
23051975,CSE-32
23052007,CSE-32
23052012,CSE-32
23052086,CSE-32
23052346,CSE-32
23052353,CSE-32
23052373,CSE-32
23052460,CSE-32
23052502,CSE-32
23052645,CSE-32
23052805,CSE-32
23052828,CSE-32
23052842,CSE-32
23053014,CSE-32
23053093,CSE-32
23053206,CSE-32
23053242,CSE-32
23053246,CSE-32
23053303,CSE-32
23053422,CSE-32
23053505,CSE-32
23053511,CSE-32
23053591,CSE-32
23053635,CSE-32
23053705,CSE-32
23053732,CSE-32
23053736,CSE-32
23053803,CSE-32
23053813,CSE-32
23053874,CSE-32
23053916,CSE-32
23053937,CSE-32
24057008,CSE-32
24057058,CSE-32
2305076,CSE-33
2305192,CSE-33
2305247,CSE-33
2305287,CSE-33
2305291,CSE-33
2305303,CSE-33
2305359,CSE-33
2305363,CSE-33
2305365,CSE-33
2305371,CSE-33
2305390,CSE-33
2305398,CSE-33
2305462,CSE-33
2305468,CSE-33
2305475,CSE-33
2305485,CSE-33
2305518,CSE-33
2305545,CSE-33
2305572,CSE-33
2305756,CSE-33
2305781,CSE-33
2305835,CSE-33
2305944,CSE-33
2305982,CSE-33
23051077,CSE-33
23051096,CSE-33
23051105,CSE-33
23051111,CSE-33
23051148,CSE-33
23051404,CSE-33
23051542,CSE-33
23051543,CSE-33
23051643,CSE-33
23051682,CSE-33
23051768,CSE-33
23051792,CSE-33
23051850,CSE-33
23052117,CSE-33
23052177,CSE-33
23052241,CSE-33
23052262,CSE-33
23052270,CSE-33
23052271,CSE-33
23052286,CSE-33
23052314,CSE-33
23052360,CSE-33
23052368,CSE-33
23052371,CSE-33
23052471,CSE-33
23052501,CSE-33
23052505,CSE-33
23052544,CSE-33
23052580,CSE-33
23052817,CSE-33
23052956,CSE-33
23052962,CSE-33
23053253,CSE-33
23053343,CSE-33
23053348,CSE-33
23053359,CSE-33
23053428,CSE-33
23053459,CSE-33
23053482,CSE-33
23053483,CSE-33
23053484,CSE-33
23053521,CSE-33
23053547,CSE-33
23053574,CSE-33
23053579,CSE-33
23053582,CSE-33
23053584,CSE-33
23053616,CSE-33
23053832,CSE-33
24057077,CSE-33
24057096,CSE-33
24057097,CSE-33
2305003,CSE-34
2305013,CSE-34
2305019,CSE-34
2305020,CSE-34
2305084,CSE-34
2305093,CSE-34
2305139,CSE-34
2305143,CSE-34
2305163,CSE-34
2305262,CSE-34
2305320,CSE-34
2305325,CSE-34
2305335,CSE-34
2305336,CSE-34
2305340,CSE-34
2305506,CSE-34
2305637,CSE-34
2305728,CSE-34
2305795,CSE-34
2305799,CSE-34
2305802,CSE-34
2305887,CSE-34
2305992,CSE-34
23051066,CSE-34
23051157,CSE-34
23051234,CSE-34
23051519,CSE-34
23051523,CSE-34
23051666,CSE-34
23051688,CSE-34
23051698,CSE-34
23051700,CSE-34
23051705,CSE-34
23051968,CSE-34
23052030,CSE-34
23052032,CSE-34
23052048,CSE-34
23052076,CSE-34
23052098,CSE-34
23052129,CSE-34
23052153,CSE-34
23052164,CSE-34
23052288,CSE-34
23052326,CSE-34
23052428,CSE-34
23052430,CSE-34
23052532,CSE-34
23052542,CSE-34
23052936,CSE-34
23053197,CSE-34
23053286,CSE-34
23053298,CSE-34
23053331,CSE-34
23053332,CSE-34
23053398,CSE-34
23053538,CSE-34
23053603,CSE-34
23053626,CSE-34
23053632,CSE-34
23053638,CSE-34
23053667,CSE-34
23053670,CSE-34
23053671,CSE-34
23053672,CSE-34
23053694,CSE-34
23053707,CSE-34
23053716,CSE-34
23053717,CSE-34
23053768,CSE-34
23053818,CSE-34
23053819,CSE-34
23053925,CSE-34
23053933,CSE-34
2305136,CSE-35
2305148,CSE-35
2305161,CSE-35
2305167,CSE-35
2305382,CSE-35
2305402,CSE-35
2305508,CSE-35
2305509,CSE-35
2305515,CSE-35
2305520,CSE-35
2305577,CSE-35
2305615,CSE-35
2305623,CSE-35
2305627,CSE-35
2305638,CSE-35
2305639,CSE-35
2305650,CSE-35
2305651,CSE-35
2305832,CSE-35
2305833,CSE-35
2305834,CSE-35
2305870,CSE-35
2305896,CSE-35
23051036,CSE-35
23051049,CSE-35
23051073,CSE-35
23051084,CSE-35
23051324,CSE-35
23051383,CSE-35
23051433,CSE-35
23051434,CSE-35
23051462,CSE-35
23051469,CSE-35
23051473,CSE-35
23051595,CSE-35
23051598,CSE-35
23051629,CSE-35
23051900,CSE-35
23052037,CSE-35
23052099,CSE-35
23052128,CSE-35
23052203,CSE-35
23052383,CSE-35
23052398,CSE-35
23052415,CSE-35
23052446,CSE-35
23052461,CSE-35
23052511,CSE-35
23052512,CSE-35
23052515,CSE-35
23052517,CSE-35
23052518,CSE-35
23052519,CSE-35
23052589,CSE-35
23052784,CSE-35
23052850,CSE-35
23052872,CSE-35
23052943,CSE-35
23052951,CSE-35
23053193,CSE-35
23053198,CSE-35
23053201,CSE-35
23053259,CSE-35
23053287,CSE-35
23053292,CSE-35
23053295,CSE-35
23053382,CSE-35
23053386,CSE-35
23053439,CSE-35
23053709,CSE-35
23053822,CSE-35
23053913,CSE-35
23053924,CSE-35
23053929,CSE-35
23053944,CSE-35
24057022,CSE-35
24057045,CSE-35
24057108,CSE-35
2305144,CSE-36
2305195,CSE-36
2305233,CSE-36
2305249,CSE-36
2305256,CSE-36
2305257,CSE-36
2305272,CSE-36
2305339,CSE-36
2305477,CSE-36
2305554,CSE-36
2305656,CSE-36
2305680,CSE-36
2305704,CSE-36
2305757,CSE-36
2305771,CSE-36
2305890,CSE-36
2305957,CSE-36
2305960,CSE-36
2305977,CSE-36
23051063,CSE-36
23051165,CSE-36
23051414,CSE-36
23051499,CSE-36
23051504,CSE-36
23051637,CSE-36
23051640,CSE-36
23051672,CSE-36
23051848,CSE-36
23051902,CSE-36
23051926,CSE-36
23051965,CSE-36
23051994,CSE-36
23052075,CSE-36
23052083,CSE-36
23052085,CSE-36
23052216,CSE-36
23052219,CSE-36
23052235,CSE-36
23052238,CSE-36
23052244,CSE-36
23052246,CSE-36
23052267,CSE-36
23052281,CSE-36
23052414,CSE-36
23052693,CSE-36
23052822,CSE-36
23052883,CSE-36
23052888,CSE-36
23052894,CSE-36
23052944,CSE-36
23053092,CSE-36
23053096,CSE-36
23053185,CSE-36
23053194,CSE-36
23053233,CSE-36
23053402,CSE-36
23053404,CSE-36
23053419,CSE-36
23053444,CSE-36
23053548,CSE-36
23053557,CSE-36
23053577,CSE-36
23053617,CSE-36
23053650,CSE-36
23053727,CSE-36
23053801,CSE-36
23053823,CSE-36
23053824,CSE-36
23053855,CSE-36
23053864,CSE-36
2305095,CSE-37
2305207,CSE-37
2305229,CSE-37
2305264,CSE-37
2305333,CSE-37
2305401,CSE-37
2305437,CSE-37
2305547,CSE-37
2305658,CSE-37
2305718,CSE-37
2305722,CSE-37
2305740,CSE-37
2305803,CSE-37
2305892,CSE-37
22054056,CSE-37
22054094,CSE-37
22054101,CSE-37
23051006,CSE-37
23051012,CSE-37
23051056,CSE-37
23051102,CSE-37
23051159,CSE-37
23051232,CSE-37
23051265,CSE-37
23051291,CSE-37
23051310,CSE-37
23051484,CSE-37
23051521,CSE-37
23051537,CSE-37
23051540,CSE-37
23051541,CSE-37
23051544,CSE-37
23051681,CSE-37
23051721,CSE-37
23051907,CSE-37
23051958,CSE-37
23052114,CSE-37
23052127,CSE-37
23052157,CSE-37
23052317,CSE-37
23052377,CSE-37
23052555,CSE-37
23052573,CSE-37
23052575,CSE-37
23052577,CSE-37
23052578,CSE-37
23052592,CSE-37
23052595,CSE-37
23052604,CSE-37
23052636,CSE-37
23052665,CSE-37
23052682,CSE-37
23052799,CSE-37
23052837,CSE-37
23052903,CSE-37
23052925,CSE-37
23053099,CSE-37
23053327,CSE-37
23053349,CSE-37
23053383,CSE-37
23053442,CSE-37
23053537,CSE-37
23053762,CSE-37
23053825,CSE-37
23053876,CSE-37
23053888,CSE-37
23053893,CSE-37
23053902,CSE-37
24057039,CSE-37
24057049,CSE-37
24057057,CSE-37
24057074,CSE-37
2305022,CSE-38
2305153,CSE-38
2305159,CSE-38
2305304,CSE-38
2305305,CSE-38
2305312,CSE-38
2305323,CSE-38
2305392,CSE-38
2305456,CSE-38
2305463,CSE-38
2305537,CSE-38
2305563,CSE-38
2305679,CSE-38
2305705,CSE-38
2305729,CSE-38
2305804,CSE-38
2305824,CSE-38
2305919,CSE-38
23051168,CSE-38
23051230,CSE-38
23051244,CSE-38
23051257,CSE-38
23051267,CSE-38
23051332,CSE-38
23051369,CSE-38
23051422,CSE-38
23051538,CSE-38
23051556,CSE-38
23051573,CSE-38
23051612,CSE-38
23051833,CSE-38
23051870,CSE-38
23051933,CSE-38
23051960,CSE-38
23052094,CSE-38
23052119,CSE-38
23052152,CSE-38
23052239,CSE-38
23052245,CSE-38
23052276,CSE-38
23052301,CSE-38
23052436,CSE-38
23052508,CSE-38
23052597,CSE-38
23052628,CSE-38
23052646,CSE-38
23052702,CSE-38
23052717,CSE-38
23052963,CSE-38
23052970,CSE-38
23053148,CSE-38
23053443,CSE-38
23053588,CSE-38
23053596,CSE-38
23053598,CSE-38
23053606,CSE-38
23053710,CSE-38
23053740,CSE-38
23053757,CSE-38
23053829,CSE-38
23053859,CSE-38
23053867,CSE-38
23053891,CSE-38
23053919,CSE-38
23053938,CSE-38
24057027,CSE-38
24057032,CSE-38
24057038,CSE-38
24057059,CSE-38
24057061,CSE-38
2305057,CSE-39
2305178,CSE-39
2305193,CSE-39
2305211,CSE-39
2305228,CSE-39
2305302,CSE-39
2305421,CSE-39
2305546,CSE-39
2305598,CSE-39
2305660,CSE-39
2305665,CSE-39
2305666,CSE-39
2305766,CSE-39
2305780,CSE-39
2305786,CSE-39
2305855,CSE-39
2305885,CSE-39
2305905,CSE-39
2305923,CSE-39
2305938,CSE-39
2305941,CSE-39
23051026,CSE-39
23051093,CSE-39
23051200,CSE-39
23051457,CSE-39
23051597,CSE-39
23051609,CSE-39
23051627,CSE-39
23051662,CSE-39
23051663,CSE-39
23051680,CSE-39
23051683,CSE-39
23051686,CSE-39
23051724,CSE-39
23051780,CSE-39
23051878,CSE-39
23052025,CSE-39
23052052,CSE-39
23052073,CSE-39
23052077,CSE-39
23052089,CSE-39
23052230,CSE-39
23052336,CSE-39
23052372,CSE-39
23052386,CSE-39
23052435,CSE-39
23052452,CSE-39
23052467,CSE-39
23052473,CSE-39
23052500,CSE-39
23052537,CSE-39
23052603,CSE-39
23052631,CSE-39
23052836,CSE-39
23052860,CSE-39
23052889,CSE-39
23052946,CSE-39
23052961,CSE-39
23053005,CSE-39
23053016,CSE-39
23053082,CSE-39
23053135,CSE-39
23053170,CSE-39
23053204,CSE-39
23053217,CSE-39
23053261,CSE-39
23053269,CSE-39
23053455,CSE-39
23053466,CSE-39
23053472,CSE-39
23053512,CSE-39
23053555,CSE-39
23053915,CSE-39
23053942,CSE-39
23053949,CSE-39
2305023,CSE-40
2305115,CSE-40
2305181,CSE-40
2305204,CSE-40
2305393,CSE-40
2305505,CSE-40
2305586,CSE-40
2305648,CSE-40
2305695,CSE-40
2305772,CSE-40
2305863,CSE-40
2305898,CSE-40
2305969,CSE-40
23051028,CSE-40
23051053,CSE-40
23051067,CSE-40
23051072,CSE-40
23051074,CSE-40
23051095,CSE-40
23051109,CSE-40
23051120,CSE-40
23051202,CSE-40
23051240,CSE-40
23051263,CSE-40
23051296,CSE-40
23051617,CSE-40
23051618,CSE-40
23051651,CSE-40
23051709,CSE-40
23051731,CSE-40
23051750,CSE-40
23051795,CSE-40
23051806,CSE-40
23051854,CSE-40
23051861,CSE-40
23051942,CSE-40
23051997,CSE-40
23052000,CSE-40
23052020,CSE-40
23052021,CSE-40
23052029,CSE-40
23052214,CSE-40
23052231,CSE-40
23052458,CSE-40
23052465,CSE-40
23052470,CSE-40
23052472,CSE-40
23052497,CSE-40
23052633,CSE-40
23052804,CSE-40
23052815,CSE-40
23052921,CSE-40
23052929,CSE-40
23052934,CSE-40
23053186,CSE-40
23053214,CSE-40
23053218,CSE-40
23053248,CSE-40
23053255,CSE-40
23053368,CSE-40
23053415,CSE-40
23053416,CSE-40
23053417,CSE-40
23053446,CSE-40
23053495,CSE-40
23053580,CSE-40
23053597,CSE-40
23053608,CSE-40
23053610,CSE-40
23053718,CSE-40
23053743,CSE-40
23053744,CSE-40
23053745,CSE-40
23053746,CSE-40
23053784,CSE-40
23053786,CSE-40
23053799,CSE-40
23053808,CSE-40
2305052,CSE-41
2305118,CSE-41
2305120,CSE-41
2305125,CSE-41
2305276,CSE-41
2305355,CSE-41
2305396,CSE-41
2305479,CSE-41
2305584,CSE-41
2305643,CSE-41
2305667,CSE-41
2305808,CSE-41
2305839,CSE-41
2305844,CSE-41
2305862,CSE-41
2305883,CSE-41
2305973,CSE-41
2305979,CSE-41
23051027,CSE-41
23051149,CSE-41
23051283,CSE-41
23051354,CSE-41
23051355,CSE-41
23051356,CSE-41
23051374,CSE-41
23051525,CSE-41
23051534,CSE-41
23051554,CSE-41
23051677,CSE-41
23051766,CSE-41
23051847,CSE-41
23051919,CSE-41
23051924,CSE-41
23051927,CSE-41
23051989,CSE-41
23052062,CSE-41
23052081,CSE-41
23052104,CSE-41
23052105,CSE-41
23052135,CSE-41
23052302,CSE-41
23052498,CSE-41
23052539,CSE-41
23052574,CSE-41
23052585,CSE-41
23052588,CSE-41
23052590,CSE-41
23052788,CSE-41
23052801,CSE-41
23052810,CSE-41
23052851,CSE-41
23052855,CSE-41
23052877,CSE-41
23052880,CSE-41
23052893,CSE-41
23052965,CSE-41
23052993,CSE-41
23053007,CSE-41
23053250,CSE-41
23053372,CSE-41
23053440,CSE-41
23053477,CSE-41
23053478,CSE-41
23053480,CSE-41
23053490,CSE-41
23053585,CSE-41
23053595,CSE-41
23053645,CSE-41
23053651,CSE-41
23053652,CSE-41
23053653,CSE-41
23053657,CSE-41
23053665,CSE-41
23053791,CSE-41
23053875,CSE-41
23053894,CSE-41
2305025,CSE-42
2305028,CSE-42
2305040,CSE-42
2305049,CSE-42
2305232,CSE-42
2305234,CSE-42
2305280,CSE-42
2305293,CSE-42
2305345,CSE-42
2305404,CSE-42
2305408,CSE-42
2305414,CSE-42
2305483,CSE-42
2305529,CSE-42
2305570,CSE-42
2305789,CSE-42
2305859,CSE-42
2305873,CSE-42
2305894,CSE-42
2305900,CSE-42
23051003,CSE-42
23051034,CSE-42
23051335,CSE-42
23051351,CSE-42
23051368,CSE-42
23051392,CSE-42
23051483,CSE-42
23051492,CSE-42
23051586,CSE-42
23051599,CSE-42
23051647,CSE-42
23051648,CSE-42
23051668,CSE-42
23051696,CSE-42
23051884,CSE-42
23051903,CSE-42
23051928,CSE-42
23051934,CSE-42
23052092,CSE-42
23052103,CSE-42
23052132,CSE-42
23052163,CSE-42
23052395,CSE-42
23052492,CSE-42
23052493,CSE-42
23052494,CSE-42
23052496,CSE-42
23052608,CSE-42
23052701,CSE-42
23052704,CSE-42
23052824,CSE-42
23052940,CSE-42
23053024,CSE-42
23053034,CSE-42
23053310,CSE-42
23053406,CSE-42
23053409,CSE-42
23053410,CSE-42
23053425,CSE-42
23053590,CSE-42
23053662,CSE-42
23053830,CSE-42
23053879,CSE-42
23053880,CSE-42
23053901,CSE-42
23053909,CSE-42
23053931,CSE-42
24057004,CSE-42
24057026,CSE-42
24057083,CSE-42
24057106,CSE-42
24057112,CSE-42
2305127,CSE-43
2305152,CSE-43
2305300,CSE-43
2305521,CSE-43
2305560,CSE-43
2305588,CSE-43
2305613,CSE-43
2305626,CSE-43
2305642,CSE-43
2305717,CSE-43
2305720,CSE-43
2305822,CSE-43
2305949,CSE-43
23051007,CSE-43
23051013,CSE-43
23051015,CSE-43
23051022,CSE-43
23051094,CSE-43
23051100,CSE-43
23051122,CSE-43
23051156,CSE-43
23051222,CSE-43
23051238,CSE-43
23051245,CSE-43
23051412,CSE-43
23051426,CSE-43
23051440,CSE-43
23051553,CSE-43
23051576,CSE-43
23051581,CSE-43
23051608,CSE-43
23051622,CSE-43
23051744,CSE-43
23051790,CSE-43
23052131,CSE-43
23052159,CSE-43
23052172,CSE-43
23052205,CSE-43
23052225,CSE-43
23052356,CSE-43
23052359,CSE-43
23052503,CSE-43
23052553,CSE-43
23052622,CSE-43
23052623,CSE-43
23052694,CSE-43
23052695,CSE-43
23052707,CSE-43
23052728,CSE-43
23052731,CSE-43
23052789,CSE-43
23052868,CSE-43
23052874,CSE-43
23052960,CSE-43
23052979,CSE-43
23052984,CSE-43
23053027,CSE-43
23053094,CSE-43
23053105,CSE-43
23053123,CSE-43
23053152,CSE-43
23053158,CSE-43
23053192,CSE-43
23053290,CSE-43
23053341,CSE-43
23053370,CSE-43
23053526,CSE-43
23053677,CSE-43
23053679,CSE-43
23053698,CSE-43
23053724,CSE-43
2305006,CSE-44
2305130,CSE-44
2305147,CSE-44
2305150,CSE-44
2305190,CSE-44
2305191,CSE-44
2305202,CSE-44
2305222,CSE-44
2305231,CSE-44
2305251,CSE-44
2305254,CSE-44
2305347,CSE-44
2305517,CSE-44
2305551,CSE-44
2305701,CSE-44
2305738,CSE-44
2305952,CSE-44
2305958,CSE-44
23051042,CSE-44
23051081,CSE-44
23051161,CSE-44
23051163,CSE-44
23051256,CSE-44
23051478,CSE-44
23051748,CSE-44
23052049,CSE-44
23052059,CSE-44
23052061,CSE-44
23052134,CSE-44
23052179,CSE-44
23052191,CSE-44
23052197,CSE-44
23052284,CSE-44
23052285,CSE-44
23052365,CSE-44
23052369,CSE-44
23052484,CSE-44
23052485,CSE-44
23052507,CSE-44
23052514,CSE-44
23052523,CSE-44
23052535,CSE-44
23052564,CSE-44
23052576,CSE-44
23052708,CSE-44
23052755,CSE-44
23052765,CSE-44
23052767,CSE-44
23052831,CSE-44
23052945,CSE-44
23053079,CSE-44
23053115,CSE-44
23053202,CSE-44
23053216,CSE-44
23053289,CSE-44
23053309,CSE-44
23053350,CSE-44
23053438,CSE-44
23053463,CSE-44
23053540,CSE-44
23053674,CSE-44
23053675,CSE-44
23053690,CSE-44
23053697,CSE-44
23053701,CSE-44
23053747,CSE-44
23053751,CSE-44
23053811,CSE-44
23053846,CSE-44
23053926,CSE-44
24057095,CSE-44
2305009,CSE-45
2305046,CSE-45
2305081,CSE-45
2305092,CSE-45
2305145,CSE-45
2305171,CSE-45
2305182,CSE-45
2305281,CSE-45
2305435,CSE-45
2305439,CSE-45
2305488,CSE-45
2305932,CSE-45
23051057,CSE-45
23051114,CSE-45
23051116,CSE-45
23051160,CSE-45
23051178,CSE-45
23051266,CSE-45
23051284,CSE-45
23051287,CSE-45
23051288,CSE-45
23051437,CSE-45
23051438,CSE-45
23051456,CSE-45
23051493,CSE-45
23051495,CSE-45
23051669,CSE-45
23051670,CSE-45
23051697,CSE-45
23051713,CSE-45
23051807,CSE-45
23051825,CSE-45
23051868,CSE-45
23051894,CSE-45
23052016,CSE-45
23052111,CSE-45
23052125,CSE-45
23052145,CSE-45
23052174,CSE-45
23052184,CSE-45
23052186,CSE-45
23052294,CSE-45
23052316,CSE-45
23052418,CSE-45
23052420,CSE-45
23052556,CSE-45
23052629,CSE-45
23052671,CSE-45
23052756,CSE-45
23052757,CSE-45
23052770,CSE-45
23052871,CSE-45
23053057,CSE-45
23053063,CSE-45
23053064,CSE-45
23053069,CSE-45
23053182,CSE-45
23053211,CSE-45
23053236,CSE-45
23053254,CSE-45
23053277,CSE-45
23053369,CSE-45
23053432,CSE-45
23053457,CSE-45
23053566,CSE-45
23053660,CSE-45
23053664,CSE-45
23053666,CSE-45
23053726,CSE-45
23053790,CSE-45
23053865,CSE-45
24057046,CSE-45
24057104,CSE-45
2305026,CSE-46
2305054,CSE-46
2305111,CSE-46
2305131,CSE-46
2305206,CSE-46
2305210,CSE-46
2305224,CSE-46
2305226,CSE-46
2305313,CSE-46
2305346,CSE-46
2305410,CSE-46
2305557,CSE-46
2305620,CSE-46
2305688,CSE-46
2305743,CSE-46
2305774,CSE-46
2305828,CSE-46
2305931,CSE-46
2305936,CSE-46
23051001,CSE-46
23051008,CSE-46
23051058,CSE-46
23051166,CSE-46
23051334,CSE-46
23051352,CSE-46
23051398,CSE-46
23051411,CSE-46
23051421,CSE-46
23051471,CSE-46
23051482,CSE-46
23051487,CSE-46
23051498,CSE-46
23051503,CSE-46
23051515,CSE-46
23051557,CSE-46
23051610,CSE-46
23051714,CSE-46
23051736,CSE-46
23051823,CSE-46
23051946,CSE-46
23052055,CSE-46
23052056,CSE-46
23052335,CSE-46
23052423,CSE-46
23052476,CSE-46
23052490,CSE-46
23052524,CSE-46
23052582,CSE-46
23052594,CSE-46
23052599,CSE-46
23052769,CSE-46
23052802,CSE-46
23052834,CSE-46
23052881,CSE-46
23052958,CSE-46
23053101,CSE-46
23053174,CSE-46
23053184,CSE-46
23053448,CSE-46
23053488,CSE-46
23053639,CSE-46
23053642,CSE-46
23053646,CSE-46
23053647,CSE-46
23053699,CSE-46
23053722,CSE-46
23053723,CSE-46
23053729,CSE-46
23053778,CSE-46
23053816,CSE-46
23053828,CSE-46
23053868,CSE-46
23053947,CSE-46
23053948,CSE-46
2305102,CSE-47
2305123,CSE-47
2305126,CSE-47
2305138,CSE-47
2305174,CSE-47
2305230,CSE-47
2305298,CSE-47
2305306,CSE-47
2305360,CSE-47
2305481,CSE-47
2305553,CSE-47
2305736,CSE-47
2305776,CSE-47
2305778,CSE-47
2305788,CSE-47
2305793,CSE-47
2305810,CSE-47
2305857,CSE-47
2305913,CSE-47
2305916,CSE-47
2305917,CSE-47
2305961,CSE-47
2305989,CSE-47
2305990,CSE-47
23051216,CSE-47
23051305,CSE-47
23051431,CSE-47
23051533,CSE-47
23051552,CSE-47
23051644,CSE-47
23051653,CSE-47
23051706,CSE-47
23051765,CSE-47
23051773,CSE-47
23051846,CSE-47
23051858,CSE-47
23051863,CSE-47
23051912,CSE-47
23051935,CSE-47
23051954,CSE-47
23052237,CSE-47
23052385,CSE-47
23052406,CSE-47
23052408,CSE-47
23052409,CSE-47
23052425,CSE-47
23052427,CSE-47
23052432,CSE-47
23052441,CSE-47
23052710,CSE-47
23052715,CSE-47
23052720,CSE-47
23052773,CSE-47
23052775,CSE-47
23052864,CSE-47
23052886,CSE-47
23053036,CSE-47
23053041,CSE-47
23053076,CSE-47
23053137,CSE-47
23053146,CSE-47
23053167,CSE-47
23053180,CSE-47
23053203,CSE-47
23053232,CSE-47
23053251,CSE-47
23053252,CSE-47
23053313,CSE-47
23053315,CSE-47
23053371,CSE-47
23053412,CSE-47
23053441,CSE-47
23053501,CSE-47
23053641,CSE-47
23053715,CSE-47
23053809,CSE-47
23053844,CSE-47
24057088,CSE-47
2305042,CSE-48
2305097,CSE-48
2305132,CSE-48
2305213,CSE-48
2305274,CSE-48
2305278,CSE-48
2305351,CSE-48
2305389,CSE-48
2305413,CSE-48
2305471,CSE-48
2305661,CSE-48
2305682,CSE-48
2305843,CSE-48
2305950,CSE-48
23051106,CSE-48
23051118,CSE-48
23051201,CSE-48
23051329,CSE-48
23051350,CSE-48
23051410,CSE-48
23051423,CSE-48
23051450,CSE-48
23051562,CSE-48
23051569,CSE-48
23051812,CSE-48
23051814,CSE-48
23051849,CSE-48
23051851,CSE-48
23051857,CSE-48
23051865,CSE-48
23051872,CSE-48
23051875,CSE-48
23051949,CSE-48
23051957,CSE-48
23051963,CSE-48
23051964,CSE-48
23052005,CSE-48
23052053,CSE-48
23052143,CSE-48
23052148,CSE-48
23052233,CSE-48
23052254,CSE-48
23052261,CSE-48
23052287,CSE-48
23052296,CSE-48
23052376,CSE-48
23052390,CSE-48
23052431,CSE-48
23052611,CSE-48
23052727,CSE-48
23052737,CSE-48
23052748,CSE-48
23052809,CSE-48
23052811,CSE-48
23052812,CSE-48
23052971,CSE-48
23052974,CSE-48
23052990,CSE-48
23052992,CSE-48
23053044,CSE-48
23053068,CSE-48
23053074,CSE-48
23053133,CSE-48
23053144,CSE-48
23053145,CSE-48
23053173,CSE-48
23053305,CSE-48
23053311,CSE-48
23053323,CSE-48
23053325,CSE-48
23053367,CSE-48
23053519,CSE-48
23053520,CSE-48
23053586,CSE-48
23053619,CSE-48
23053702,CSE-48
23053796,CSE-48
23053847,CSE-48
2328006,CSSE-01
2328025,CSSE-01
2328032,CSSE-01
2328034,CSSE-01
2328035,CSSE-01
2328037,CSSE-01
2328045,CSSE-01
2328050,CSSE-01
2328052,CSSE-01
2328059,CSSE-01
2328061,CSSE-01
2328063,CSSE-01
2328064,CSSE-01
2328065,CSSE-01
2328066,CSSE-01
2328070,CSSE-01
2328071,CSSE-01
2328077,CSSE-01
2328080,CSSE-01
2328082,CSSE-01
2328084,CSSE-01
2328085,CSSE-01
2328087,CSSE-01
2328088,CSSE-01
2328093,CSSE-01
2328096,CSSE-01
2328100,CSSE-01
2328101,CSSE-01
2328104,CSSE-01
2328107,CSSE-01
2328110,CSSE-01
2328113,CSSE-01
2328115,CSSE-01
2328116,CSSE-01
2328118,CSSE-01
2328125,CSSE-01
2328129,CSSE-01
2328131,CSSE-01
2328135,CSSE-01
2328136,CSSE-01
2328138,CSSE-01
2328139,CSSE-01
2328140,CSSE-01
2328143,CSSE-01
2328144,CSSE-01
2328145,CSSE-01
2328157,CSSE-01
2328158,CSSE-01
2328159,CSSE-01
2328161,CSSE-01
2328162,CSSE-01
2328165,CSSE-01
2328167,CSSE-01
2328172,CSSE-01
2328179,CSSE-01
2328181,CSSE-01
2328183,CSSE-01
2328198,CSSE-01
2328199,CSSE-01
2328202,CSSE-01
2328206,CSSE-01
2328216,CSSE-01
2328217,CSSE-01
2328219,CSSE-01
2328221,CSSE-01
2328224,CSSE-01
2328226,CSSE-01
2328229,CSSE-01
2328235,CSSE-01
2328238,CSSE-01
2328239,CSSE-01
2328243,CSSE-01
2328247,CSSE-01
2328250,CSSE-01
2328251,CSSE-01
2328252,CSSE-01
2328253,CSSE-01
2328003,CSSE-02
2328004,CSSE-02
2328005,CSSE-02
2328008,CSSE-02
2328011,CSSE-02
2328012,CSSE-02
2328019,CSSE-02
2328021,CSSE-02
2328022,CSSE-02
2328048,CSSE-02
2328049,CSSE-02
2328054,CSSE-02
2328055,CSSE-02
2328057,CSSE-02
2328058,CSSE-02
2328069,CSSE-02
2328073,CSSE-02
2328074,CSSE-02
2328075,CSSE-02
2328079,CSSE-02
2328083,CSSE-02
2328086,CSSE-02
2328091,CSSE-02
2328092,CSSE-02
2328095,CSSE-02
2328098,CSSE-02
2328099,CSSE-02
2328103,CSSE-02
2328105,CSSE-02
2328106,CSSE-02
2328109,CSSE-02
2328111,CSSE-02
2328120,CSSE-02
2328121,CSSE-02
2328122,CSSE-02
2328126,CSSE-02
2328130,CSSE-02
2328133,CSSE-02
2328141,CSSE-02
2328142,CSSE-02
2328147,CSSE-02
2328149,CSSE-02
2328150,CSSE-02
2328152,CSSE-02
2328156,CSSE-02
2328160,CSSE-02
2328163,CSSE-02
2328168,CSSE-02
2328169,CSSE-02
2328170,CSSE-02
2328177,CSSE-02
2328184,CSSE-02
2328187,CSSE-02
2328188,CSSE-02
2328190,CSSE-02
2328192,CSSE-02
2328195,CSSE-02
2328196,CSSE-02
2328204,CSSE-02
2328208,CSSE-02
2328209,CSSE-02
2328214,CSSE-02
2328215,CSSE-02
2328222,CSSE-02
2328227,CSSE-02
2328231,CSSE-02
2328236,CSSE-02
2328237,CSSE-02
2328240,CSSE-02
2328241,CSSE-02
2328244,CSSE-02
2328245,CSSE-02
2328246,CSSE-02
2328248,CSSE-02
2328254,CSSE-02
2428301,CSSE-02
2328001,CSSE-03
2328002,CSSE-03
2328007,CSSE-03
2328010,CSSE-03
2328014,CSSE-03
2328015,CSSE-03
2328016,CSSE-03
2328017,CSSE-03
2328020,CSSE-03
2328023,CSSE-03
2328024,CSSE-03
2328026,CSSE-03
2328027,CSSE-03
2328029,CSSE-03
2328030,CSSE-03
2328031,CSSE-03
2328038,CSSE-03
2328039,CSSE-03
2328040,CSSE-03
2328041,CSSE-03
2328042,CSSE-03
2328043,CSSE-03
2328044,CSSE-03
2328046,CSSE-03
2328047,CSSE-03
2328051,CSSE-03
2328053,CSSE-03
2328056,CSSE-03
2328062,CSSE-03
2328068,CSSE-03
2328072,CSSE-03
2328076,CSSE-03
2328078,CSSE-03
2328081,CSSE-03
2328089,CSSE-03
2328094,CSSE-03
2328097,CSSE-03
2328102,CSSE-03
2328108,CSSE-03
2328112,CSSE-03
2328114,CSSE-03
2328117,CSSE-03
2328123,CSSE-03
2328127,CSSE-03
2328128,CSSE-03
2328134,CSSE-03
2328146,CSSE-03
2328148,CSSE-03
2328164,CSSE-03
2328166,CSSE-03
2328173,CSSE-03
2328176,CSSE-03
2328178,CSSE-03
2328180,CSSE-03
2328182,CSSE-03
2328185,CSSE-03
2328186,CSSE-03
2328189,CSSE-03
2328191,CSSE-03
2328193,CSSE-03
2328194,CSSE-03
2328203,CSSE-03
2328205,CSSE-03
2328207,CSSE-03
2328210,CSSE-03
2328212,CSSE-03
2328213,CSSE-03
2328218,CSSE-03
2328223,CSSE-03
2328225,CSSE-03
2328228,CSSE-03
2328232,CSSE-03
2328233,CSSE-03
2328234,CSSE-03
2328242,CSSE-03
2328249,CSSE-03
2306001,IT-01
2306002,IT-01
2306004,IT-01
2306006,IT-01
2306007,IT-01
2306013,IT-01
2306021,IT-01
2306036,IT-01
2306050,IT-01
2306063,IT-01
2306069,IT-01
2306072,IT-01
2306074,IT-01
2306078,IT-01
2306079,IT-01
2306081,IT-01
2306088,IT-01
2306090,IT-01
2306093,IT-01
2306099,IT-01
2306100,IT-01
2306101,IT-01
2306102,IT-01
2306103,IT-01
2306104,IT-01
2306105,IT-01
2306107,IT-01
2306119,IT-01
2306122,IT-01
2306123,IT-01
2306129,IT-01
2306139,IT-01
2306140,IT-01
2306144,IT-01
2306146,IT-01
2306147,IT-01
2306148,IT-01
2306154,IT-01
2306161,IT-01
2306164,IT-01
2306166,IT-01
2306176,IT-01
2306185,IT-01
2306189,IT-01
2306197,IT-01
2306204,IT-01
2306218,IT-01
2306219,IT-01
2306220,IT-01
2306222,IT-01
2306224,IT-01
2306225,IT-01
2306233,IT-01
2306238,IT-01
2306239,IT-01
2306242,IT-01
2306253,IT-01
2306256,IT-01
2306260,IT-01
2306262,IT-01
2306264,IT-01
2306266,IT-01
2306283,IT-01
2306285,IT-01
2306290,IT-01
2306292,IT-01
2306293,IT-01
2306295,IT-01
2306312,IT-01
2306318,IT-01
2306320,IT-01
2306327,IT-01
2306362,IT-01
2306363,IT-01
2306370,IT-01
2306385,IT-01
2306391,IT-01
2306407,IT-01
2306008,IT-02
2306015,IT-02
2306023,IT-02
2306026,IT-02
2306043,IT-02
2306055,IT-02
2306067,IT-02
2306071,IT-02
2306084,IT-02
2306095,IT-02
2306098,IT-02
2306114,IT-02
2306120,IT-02
2306126,IT-02
2306135,IT-02
2306136,IT-02
2306137,IT-02
2306141,IT-02
2306145,IT-02
2306149,IT-02
2306150,IT-02
2306152,IT-02
2306155,IT-02
2306156,IT-02
2306160,IT-02
2306173,IT-02
2306181,IT-02
2306182,IT-02
2306188,IT-02
2306191,IT-02
2306192,IT-02
2306199,IT-02
2306202,IT-02
2306212,IT-02
2306213,IT-02
2306227,IT-02
2306235,IT-02
2306236,IT-02
2306270,IT-02
2306274,IT-02
2306277,IT-02
2306280,IT-02
2306284,IT-02
2306291,IT-02
2306300,IT-02
2306305,IT-02
2306310,IT-02
2306314,IT-02
2306321,IT-02
2306322,IT-02
2306324,IT-02
2306326,IT-02
2306328,IT-02
2306330,IT-02
2306331,IT-02
2306339,IT-02
2306347,IT-02
2306348,IT-02
2306351,IT-02
2306364,IT-02
2306371,IT-02
2306381,IT-02
2306389,IT-02
2306398,IT-02
2306402,IT-02
2306403,IT-02
2306404,IT-02
2306405,IT-02
2306406,IT-02
2406602,IT-02
2306003,IT-03
2306012,IT-03
2306017,IT-03
2306018,IT-03
2306019,IT-03
2306033,IT-03
2306037,IT-03
2306040,IT-03
2306047,IT-03
2306052,IT-03
2306053,IT-03
2306054,IT-03
2306059,IT-03
2306060,IT-03
2306062,IT-03
2306068,IT-03
2306076,IT-03
2306083,IT-03
2306085,IT-03
2306086,IT-03
2306089,IT-03
2306106,IT-03
2306113,IT-03
2306116,IT-03
2306118,IT-03
2306121,IT-03
2306124,IT-03
2306125,IT-03
2306127,IT-03
2306142,IT-03
2306151,IT-03
2306153,IT-03
2306158,IT-03
2306165,IT-03
2306193,IT-03
2306195,IT-03
2306205,IT-03
2306214,IT-03
2306215,IT-03
2306221,IT-03
2306228,IT-03
2306232,IT-03
2306234,IT-03
2306258,IT-03
2306261,IT-03
2306271,IT-03
2306275,IT-03
2306279,IT-03
2306281,IT-03
2306282,IT-03
2306304,IT-03
2306306,IT-03
2306309,IT-03
2306325,IT-03
2306332,IT-03
2306334,IT-03
2306336,IT-03
2306337,IT-03
2306338,IT-03
2306340,IT-03
2306342,IT-03
2306343,IT-03
2306344,IT-03
2306345,IT-03
2306349,IT-03
2306350,IT-03
2306353,IT-03
2306356,IT-03
2306359,IT-03
2306360,IT-03
2306374,IT-03
2306378,IT-03
2306388,IT-03
2306390,IT-03
2306393,IT-03
2306399,IT-03
2306400,IT-03
2306401,IT-03
2306005,IT-04
2306011,IT-04
2306020,IT-04
2306024,IT-04
2306028,IT-04
2306031,IT-04
2306032,IT-04
2306038,IT-04
2306046,IT-04
2306048,IT-04
2306061,IT-04
2306065,IT-04
2306070,IT-04
2306082,IT-04
2306091,IT-04
2306111,IT-04
2306112,IT-04
2306117,IT-04
2306132,IT-04
2306134,IT-04
2306162,IT-04
2306168,IT-04
2306171,IT-04
2306172,IT-04
2306174,IT-04
2306175,IT-04
2306177,IT-04
2306184,IT-04
2306186,IT-04
2306194,IT-04
2306196,IT-04
2306200,IT-04
2306206,IT-04
2306207,IT-04
2306211,IT-04
2306216,IT-04
2306217,IT-04
2306229,IT-04
2306230,IT-04
2306243,IT-04
2306245,IT-04
2306249,IT-04
2306267,IT-04
2306269,IT-04
2306278,IT-04
2306286,IT-04
2306288,IT-04
2306289,IT-04
2306297,IT-04
2306298,IT-04
2306301,IT-04
2306302,IT-04
2306303,IT-04
2306307,IT-04
2306311,IT-04
2306313,IT-04
2306315,IT-04
2306317,IT-04
2306329,IT-04
2306333,IT-04
2306335,IT-04
2306341,IT-04
2306352,IT-04
2306354,IT-04
2306367,IT-04
2306375,IT-04
2306377,IT-04
2306382,IT-04
2306383,IT-04
2306394,IT-04
2306396,IT-04
2306408,IT-04
2406601,IT-04
2406604,IT-04
2406605,IT-04
2306009,IT-05
2306010,IT-05
2306014,IT-05
2306025,IT-05
2306027,IT-05
2306029,IT-05
2306039,IT-05
2306042,IT-05
2306044,IT-05
2306045,IT-05
2306049,IT-05
2306051,IT-05
2306056,IT-05
2306064,IT-05
2306066,IT-05
2306073,IT-05
2306075,IT-05
2306080,IT-05
2306087,IT-05
2306092,IT-05
2306096,IT-05
2306097,IT-05
2306108,IT-05
2306109,IT-05
2306110,IT-05
2306130,IT-05
2306133,IT-05
2306138,IT-05
2306143,IT-05
2306167,IT-05
2306169,IT-05
2306178,IT-05
2306179,IT-05
2306180,IT-05
2306198,IT-05
2306201,IT-05
2306203,IT-05
2306208,IT-05
2306209,IT-05
2306223,IT-05
2306237,IT-05
2306241,IT-05
2306244,IT-05
2306246,IT-05
2306247,IT-05
2306250,IT-05
2306251,IT-05
2306252,IT-05
2306257,IT-05
2306259,IT-05
2306263,IT-05
2306265,IT-05
2306268,IT-05
2306272,IT-05
2306276,IT-05
2306296,IT-05
2306299,IT-05
2306316,IT-05
2306319,IT-05
2306323,IT-05
2306355,IT-05
2306357,IT-05
2306361,IT-05
2306365,IT-05
2306366,IT-05
2306368,IT-05
2306369,IT-05
2306372,IT-05
2306373,IT-05
2306376,IT-05
2306379,IT-05
2306384,IT-05
2306387,IT-05
2306392,IT-05
2306395,IT-05
